media0,media1,media2,media3,media4,media5,media6,media7,media8,media9,media10,media11,media12,desvio0,desvio1,desvio2,desvio3,desvio4,desvio5,desvio6,desvio7,desvio8,desvio9,desvio10,desvio11,desvio12,classe
4.449007,2.173600,1.963161,-0.800557,0.178743,-0.728219,0.056505,-0.153838,0.567214,0.201561,0.616995,0.181171,0.320532,5.010692,2.996604,1.968417,1.394802,0.723145,1.194441,0.697653,0.721734,0.560400,0.404300,0.472416,0.374041,0.349731,gun_shot
2.043331,-3.466958,1.240037,-0.680713,-0.164658,0.443414,0.631894,0.618216,0.832216,0.501840,0.167684,0.211667,0.172001,2.946354,3.966021,1.493699,1.366737,0.656040,0.777169,0.741097,0.721470,0.825443,0.613327,0.386296,0.482972,0.376002,gun_shot
2.865998,-1.045675,0.246689,-0.013968,0.201635,0.026856,0.322083,0.178828,0.403881,0.396473,0.381737,0.139526,0.280107,2.895442,1.678383,1.184314,1.039232,0.376575,0.692885,0.448836,0.573831,0.383247,0.512324,0.459133,0.425246,0.338114,gun_shot
9.049675,-2.987121,0.171258,0.239190,0.235888,0.938482,-0.606733,1.254823,-0.177860,0.682144,0.065540,0.233584,0.399871,9.018097,4.040951,2.515319,0.770876,0.676923,0.802127,1.339086,1.000085,0.932218,0.448651,0.449794,0.401205,0.306986,gun_shot
7.228250,-1.740485,-1.880280,-2.493365,-0.857844,-1.281736,-0.243331,-0.153924,-0.061543,0.239689,-0.079887,-0.041006,-0.456656,8.133373,2.193680,2.075482,2.173529,0.943118,0.963263,0.655275,0.511677,0.528881,0.781521,0.517224,0.522459,0.348899,gun_shot
4.337776,-2.340565,0.809639,1.858257,0.935675,0.858763,0.614327,0.506262,0.057778,0.264048,-0.025958,0.118350,-0.157206,5.811376,3.146748,1.613282,2.580288,1.457891,1.244246,1.004810,1.038205,0.597800,0.796498,0.505989,0.604306,0.492049,gun_shot
3.927736,-2.231027,0.741859,0.196400,0.771618,0.126710,0.063543,-0.236009,0.067675,-0.133028,0.223705,-0.187017,0.165143,4.082857,2.701533,1.219996,0.546392,0.810767,0.490634,0.467138,0.556084,0.439025,0.438604,0.468418,0.515681,0.490653,gun_shot
3.394503,-1.172315,0.590062,0.649560,0.735552,0.336334,0.261156,-0.175847,0.310151,-0.008747,0.373375,-0.180315,0.328526,3.660742,2.391246,1.308169,1.056633,0.738324,0.627484,0.531038,0.696344,0.553792,0.539632,0.529602,0.643152,0.506723,gun_shot
3.854629,-1.577210,0.515633,0.424121,0.625141,0.268188,0.220418,-0.214092,0.281745,-0.048826,0.251995,-0.129195,0.250969,3.995155,2.565979,1.262492,0.620522,0.648879,0.516008,0.504928,0.618906,0.460471,0.479887,0.481807,0.545213,0.480806,gun_shot
8.122305,-2.904147,0.603726,-1.807714,-0.359415,-1.201471,-0.685280,-0.319009,-0.558922,0.110081,-0.566017,-0.285101,-0.483529,8.973476,2.765096,1.763810,1.659563,1.086752,0.966302,0.766535,0.483258,0.456373,0.688441,0.336063,0.404194,0.326081,gun_shot
7.286746,-3.539882,0.896554,-2.546554,0.430929,-1.303563,-0.110143,-0.390549,-0.710518,-0.121054,-0.452141,-0.042646,-0.375773,7.996945,3.444970,1.666302,2.369782,1.176391,1.168756,0.708546,0.516031,0.590957,0.498699,0.356434,0.476295,0.324103,gun_shot
8.976735,-2.852108,0.194907,-1.198666,0.101281,-0.764793,-0.118939,-0.249497,-0.378344,0.186401,-0.439679,-0.085722,-0.319122,9.614260,2.941854,1.178168,1.474966,1.084989,0.866600,0.644892,0.485801,0.477770,0.661199,0.388993,0.383241,0.335009,gun_shot
8.994046,-3.054757,0.430812,-1.216607,0.150361,-0.788137,-0.144478,-0.258535,-0.469819,0.153112,-0.433982,-0.073588,-0.326830,9.636621,3.091467,1.327462,1.496143,1.084595,0.844852,0.631694,0.456515,0.507254,0.659471,0.375568,0.405941,0.319408,gun_shot
8.817100,-2.782237,0.193370,-1.257584,0.176474,-0.809727,-0.146112,-0.407664,-0.587371,0.270038,-0.512651,-0.121083,-0.309495,9.470691,2.962264,1.522343,1.484083,1.231684,0.920661,0.745081,0.484801,0.617166,0.789136,0.477767,0.392010,0.308742,gun_shot
6.230245,-3.333735,1.086452,-2.260891,0.642327,-1.217058,0.060421,-0.568079,-0.438216,-0.088712,-0.422355,-0.072266,-0.360557,7.109797,3.425776,1.648951,2.357878,1.292438,1.180361,0.825561,0.565055,0.679902,0.494919,0.459800,0.429487,0.394688,gun_shot
7.788797,-3.379921,1.226220,-2.030085,0.307881,-1.088450,-0.285283,-0.261010,-0.664551,0.086610,-0.509865,-0.170761,-0.396539,8.475173,3.187990,1.973851,1.896815,1.220113,1.006774,0.667882,0.492871,0.546460,0.623814,0.384868,0.377143,0.312573,gun_shot
8.541372,-2.964824,0.609168,-1.752114,-0.453818,-1.140581,-0.760249,-0.314145,-0.647411,0.135133,-0.537592,-0.305907,-0.489409,9.434645,2.811637,1.669194,1.638342,1.096500,0.930222,0.798827,0.434827,0.493080,0.739683,0.372594,0.364386,0.313564,gun_shot
8.250458,-3.128722,0.774761,-2.114629,-0.274169,-1.302881,-0.636888,-0.354263,-0.539761,0.072500,-0.588929,-0.290190,-0.484541,9.218308,2.941604,1.710672,1.975500,1.098212,1.078929,0.762212,0.451246,0.516091,0.669579,0.370276,0.387958,0.320906,gun_shot
7.823246,-3.306868,0.501304,-1.990488,-0.497922,-1.203572,-0.703027,-0.379790,-0.537440,-0.021495,-0.556517,-0.281687,-0.486401,8.768172,3.099774,1.482574,1.888797,1.064292,1.055189,0.777606,0.456991,0.561752,0.591269,0.369215,0.388473,0.318025,gun_shot
9.098739,-1.997236,0.020331,-1.440962,-0.286444,-1.228472,-0.288494,-0.551652,-0.365905,0.138505,-0.662476,-0.078139,-0.615745,10.065787,2.071374,1.383016,1.362943,1.099496,0.935028,0.808110,0.486182,0.524020,0.861672,0.425639,0.699444,0.340999,gun_shot
8.504088,-2.775270,0.307210,-1.416383,0.229965,-0.766730,-0.184535,-0.216077,-0.438901,-0.040549,-0.313031,-0.150388,-0.234708,9.103488,3.011229,1.234173,1.633189,1.146540,0.948037,0.636757,0.499386,0.548515,0.523098,0.505629,0.441762,0.331757,gun_shot
8.392588,-2.914634,0.507371,-1.593135,0.225057,-0.909083,-0.101669,-0.358481,-0.464135,-0.019985,-0.372267,-0.178787,-0.349815,9.153248,2.992142,1.485726,1.790879,1.182382,0.968966,0.763252,0.503569,0.534438,0.544685,0.437365,0.501205,0.303894,gun_shot
8.331799,-2.886828,0.219003,-1.474575,0.113358,-0.932834,-0.059797,-0.502807,-0.507663,-0.000604,-0.529449,-0.016397,-0.348967,9.200488,2.966213,1.386026,1.628110,1.130332,0.922116,0.776976,0.515991,0.582964,0.517836,0.435418,0.504436,0.318911,gun_shot
9.801404,-2.124254,-0.411972,-0.865091,-0.888175,-0.908690,-0.592902,-0.345914,-0.474824,-0.146288,-0.502191,-0.321806,-0.223239,10.480054,2.502792,1.258414,1.163873,1.131798,0.915813,0.834291,0.552087,0.633170,0.413957,0.515397,0.306312,0.295427,gun_shot
7.254540,-2.941438,0.692252,-1.507663,0.189547,-1.166551,0.184613,-0.664283,0.024594,-0.301049,-0.144185,-0.220807,-0.175262,8.509774,3.098290,1.935474,1.789756,1.719740,1.349062,1.332076,0.832057,0.943557,0.565892,0.574422,0.352607,0.324095,gun_shot
7.462738,-2.936082,1.597737,-1.383220,-0.133714,-1.239744,-0.119742,-0.513833,-0.291834,-0.270538,-0.313214,-0.278946,-0.185477,8.444887,3.065525,2.154994,1.650061,1.474800,1.374212,0.983241,0.763038,0.829853,0.504180,0.539612,0.385985,0.355777,gun_shot
8.911467,-2.117276,0.497020,-0.671884,-0.504699,-1.044791,-0.341987,-0.397788,-0.413765,0.005117,-0.475472,-0.310939,-0.211379,9.625794,2.340720,1.496799,1.191967,1.261114,1.073140,0.801773,0.596166,0.569910,0.519236,0.520722,0.356616,0.306795,gun_shot
8.845855,-3.295331,0.280869,-1.362959,-0.137011,-0.589621,-0.348779,-0.116605,-0.531629,0.069289,-0.585151,-0.118845,-0.204205,9.343076,3.530315,1.104192,1.735444,0.901035,0.781698,0.560799,0.408090,0.560948,0.527152,0.551658,0.319278,0.314691,gun_shot
7.776549,-3.676490,0.924324,-1.707570,0.302852,-0.927072,-0.009850,-0.263920,-0.492313,-0.014016,-0.318733,0.005992,-0.280901,8.605380,3.655459,1.595342,1.794716,1.194989,0.977738,0.943430,0.596573,0.816026,0.518667,0.450425,0.431619,0.309579,gun_shot
6.777995,-3.359272,0.752737,-1.839429,0.235006,-1.225134,0.230367,-0.651795,-0.020507,-0.245581,-0.156711,-0.118443,-0.174355,8.115300,3.552244,1.951549,2.162780,1.786655,1.372379,1.330575,0.813242,0.937484,0.478109,0.628069,0.376055,0.342965,gun_shot
6.816673,-3.210171,0.766059,-1.895877,0.306463,-1.322090,0.257414,-0.701245,-0.000497,-0.250189,-0.190497,-0.164926,-0.214138,8.155779,3.353516,1.977318,2.120703,1.776241,1.384844,1.344395,0.836241,0.958881,0.452706,0.619522,0.363093,0.330286,gun_shot
6.689494,-3.028515,0.905694,-1.652773,0.374960,-1.320401,0.341012,-0.789516,0.183296,-0.306575,-0.101799,-0.189968,-0.133952,8.170790,3.270995,2.070314,1.992416,1.887787,1.482981,1.450899,0.932896,0.981830,0.509703,0.651223,0.357921,0.348171,gun_shot
7.224078,-3.163265,0.689388,-1.633662,0.118756,-1.243819,0.167824,-0.680303,0.025108,-0.269895,-0.149220,-0.170587,-0.194946,8.512165,3.311574,1.948028,1.894771,1.742446,1.350170,1.315055,0.812825,0.916584,0.440872,0.579772,0.366545,0.334903,gun_shot
7.510206,-3.136285,0.687990,-1.634667,0.068937,-1.165799,0.043480,-0.580409,-0.044417,-0.155666,-0.238378,-0.168371,-0.213090,8.853661,3.296013,1.807225,1.929429,1.652783,1.277491,1.250967,0.704448,0.911971,0.462181,0.619944,0.360387,0.335063,gun_shot
6.981796,-2.803259,0.748019,-1.708382,0.356482,-1.252825,0.323655,-0.687651,0.091523,-0.177557,-0.155455,-0.125033,-0.173978,8.383134,3.098162,2.003306,2.067276,1.772574,1.388684,1.359250,0.832326,1.001477,0.476591,0.704314,0.351170,0.321417,gun_shot
7.783270,-2.887662,0.542772,-1.539412,0.106197,-1.225925,0.230564,-0.677410,0.042903,-0.244151,-0.166215,-0.171552,-0.168163,9.114542,3.200660,2.024616,1.939576,1.813646,1.416551,1.357160,0.870988,0.956402,0.514500,0.676215,0.345002,0.317697,gun_shot
8.616146,-2.926998,0.402350,-1.196682,0.006821,-0.900828,0.021852,-0.422161,-0.240960,-0.034950,-0.276405,-0.140223,-0.197683,9.558659,3.128041,1.640424,1.630102,1.409114,1.120079,0.950933,0.661553,0.726359,0.565116,0.535490,0.350569,0.314548,gun_shot
8.013042,-2.968077,0.527676,-1.264596,0.169172,-1.007377,0.150476,-0.538503,-0.105466,-0.115690,-0.213351,-0.136934,-0.172555,9.005476,3.093341,1.793095,1.760009,1.580510,1.221855,1.111679,0.736236,0.827176,0.521096,0.562839,0.343058,0.330224,gun_shot
8.139757,-2.712591,0.356608,-1.323638,-0.105058,-1.115162,0.021237,-0.566593,-0.069460,-0.172042,-0.269462,-0.206885,-0.191472,9.361145,2.920441,1.766668,1.644269,1.637164,1.209469,1.187383,0.679255,0.844178,0.451513,0.626191,0.348662,0.320336,gun_shot
7.704068,-2.698848,0.621803,-1.379244,0.091996,-1.157477,0.144883,-0.600503,0.025511,-0.178451,-0.235693,-0.206419,-0.134550,9.007829,2.986599,1.804587,1.735808,1.637250,1.329919,1.242982,0.788637,0.842318,0.488652,0.642739,0.358798,0.324745,gun_shot
7.784487,-2.650683,0.518016,-1.503829,0.178666,-1.274439,0.131551,-0.640729,0.003245,-0.186689,-0.249079,-0.221831,-0.215970,9.083754,2.936133,1.906311,1.773184,1.693463,1.337337,1.294961,0.785789,0.843664,0.527271,0.626934,0.360441,0.321273,gun_shot
7.644636,-3.312355,0.710026,-1.414384,0.165925,-1.076170,0.153882,-0.645581,-0.038769,-0.224189,-0.139215,-0.220489,-0.195372,9.291451,3.507083,2.067054,1.776777,1.727443,1.272171,1.381216,0.773381,0.966129,0.473808,0.652692,0.360239,0.375524,gun_shot
8.709775,-2.319803,0.307378,-1.092922,-0.193515,-0.993160,-0.177399,-0.425666,-0.209991,-0.003417,-0.374971,-0.265287,-0.219228,9.675840,2.464481,1.621677,1.323161,1.373825,1.044848,1.051728,0.623722,0.699876,0.538891,0.543563,0.322119,0.317442,gun_shot
8.812939,-2.349246,0.399116,-1.050118,-0.054632,-0.935346,-0.114636,-0.422730,-0.220252,0.019075,-0.271594,-0.203082,-0.226910,9.927284,2.520454,1.525381,1.316612,1.400781,0.997856,1.001667,0.590797,0.714813,0.556152,0.532191,0.332352,0.324615,gun_shot
8.719719,-2.398323,1.063849,-1.081447,0.182982,-1.133049,-0.253204,-0.257285,-0.405713,0.043756,-0.405247,-0.245450,-0.317214,9.546953,2.453671,1.890539,1.338867,1.520029,1.129328,0.777079,0.563480,0.538937,0.612600,0.404438,0.395582,0.337852,gun_shot
8.947604,-2.303796,0.830684,-0.982161,-0.120938,-1.120465,-0.215364,-0.314111,-0.349043,0.046187,-0.412990,-0.297976,-0.312866,9.747621,2.432091,1.789647,1.312535,1.452017,1.088199,0.838316,0.627874,0.570160,0.629992,0.426946,0.363311,0.322261,gun_shot
9.226497,-2.596777,0.751855,-0.845490,-0.226166,-1.126271,-0.345278,-0.315147,-0.408680,-0.036351,-0.375223,-0.359401,-0.251366,9.990465,2.905257,1.764339,1.317261,1.331677,1.170018,0.922930,0.610799,0.676314,0.535435,0.467669,0.369742,0.308523,gun_shot
7.561580,-2.757345,1.600428,-1.527664,0.556265,-1.359704,-0.357595,-0.388863,-0.388698,0.004788,-0.377265,-0.127105,-0.444451,8.343012,2.588342,2.333737,1.414214,1.415889,1.197868,0.791005,0.615204,0.543616,0.654138,0.455757,0.447789,0.361752,gun_shot
8.986465,-2.629728,0.531626,-0.662399,0.222110,-0.634016,-0.196411,-0.502150,-0.463468,0.111102,-0.354721,-0.125286,-0.146748,9.708543,2.897350,1.582712,1.209791,1.244296,0.903790,0.921437,0.641632,0.732362,0.607797,0.506793,0.317962,0.328637,gun_shot
8.654810,-2.939994,0.577045,-1.215825,0.214587,-0.807450,0.178065,-0.389460,-0.326008,0.137300,-0.346599,-0.017094,-0.289976,9.474095,3.062255,1.677909,1.494981,1.342652,0.948756,1.014877,0.621921,0.655834,0.652068,0.501993,0.448300,0.337966,gun_shot
7.870505,-3.526142,0.644053,-1.767199,0.218833,-1.004305,-0.196987,-0.408838,-0.411962,-0.088840,-0.436053,-0.076998,-0.186106,8.704842,3.717028,1.666473,2.042318,1.357863,1.183519,0.970292,0.621339,0.741430,0.468506,0.588924,0.351360,0.345852,gun_shot
9.315830,-2.458102,-0.086786,-1.133650,-0.352979,-0.849813,-0.247781,-0.309186,-0.346652,-0.029646,-0.465785,-0.285148,-0.211412,10.063615,2.762545,1.373125,1.415779,1.223485,0.958916,0.835755,0.537391,0.640014,0.493278,0.571683,0.334380,0.295321,gun_shot
8.559790,-3.660643,0.141371,-1.576949,-0.355016,-0.798518,-0.341535,-0.288389,-0.437986,-0.058664,-0.498261,-0.143694,-0.228826,9.317549,3.804613,1.341394,1.924725,1.175943,0.978748,0.829233,0.551290,0.659454,0.519663,0.561093,0.368490,0.332026,gun_shot
7.690888,-3.689321,0.678757,-1.547989,0.141846,-0.954377,-0.001335,-0.460774,-0.327283,-0.137066,-0.254519,-0.048209,-0.208792,8.738613,3.766421,1.745002,1.811739,1.438963,1.142155,1.128325,0.741798,0.875379,0.502781,0.546918,0.387697,0.336901,gun_shot
7.408539,-3.276849,0.945157,-1.587264,0.423882,-1.029790,0.272286,-0.550621,-0.186354,-0.092630,-0.236281,-0.001923,-0.249187,8.541350,3.382195,1.902048,1.819810,1.571997,1.193919,1.262651,0.757245,0.862548,0.576551,0.554241,0.429267,0.369273,gun_shot
7.304624,-3.605492,0.830881,-1.762464,0.356385,-1.114157,0.258402,-0.579752,-0.115873,-0.199112,-0.202799,-0.008945,-0.218882,8.508024,3.668054,1.973171,2.034209,1.684600,1.275698,1.315143,0.764696,0.912009,0.516709,0.626866,0.448280,0.393358,gun_shot
8.270676,-3.337432,0.567175,-1.382447,0.080817,-0.979960,-0.100833,-0.546412,-0.380776,-0.168977,-0.359450,-0.063362,-0.187458,9.198878,3.477883,1.719604,1.776962,1.437393,1.131780,1.128692,0.718696,0.846045,0.484593,0.565975,0.364641,0.352689,gun_shot
8.577093,-2.676379,0.495181,-1.022346,0.240763,-0.943851,-0.179724,-0.561821,-0.434534,-0.059369,-0.381984,-0.097080,-0.165909,9.369702,2.940662,1.651232,1.461368,1.279627,1.076906,1.013234,0.719979,0.786474,0.510424,0.554078,0.326934,0.349747,gun_shot
7.664584,-4.688669,1.036820,-1.908070,0.717160,-0.757840,-0.430655,0.083182,-0.692394,0.171620,-0.587708,-0.016744,-0.275443,8.128903,4.584801,1.621016,1.930225,1.460470,0.833594,0.564145,0.600963,0.574409,0.587624,0.477607,0.419536,0.344640,gun_shot
7.422180,-4.744875,1.118868,-2.035565,0.641549,-0.807662,-0.284582,0.043372,-0.691472,0.153857,-0.550391,0.008962,-0.224951,7.848197,4.667950,1.648685,2.106052,1.331560,0.916308,0.517593,0.559598,0.595307,0.534299,0.498880,0.400914,0.337792,gun_shot
6.775019,-4.707190,1.178720,-2.300347,0.686506,-1.137444,-0.335447,-0.152364,-0.606106,0.042524,-0.511782,-0.066543,-0.250604,7.263268,4.661394,1.846785,2.271512,1.503445,1.086570,0.651432,0.526312,0.548760,0.497560,0.545917,0.377225,0.349771,gun_shot
8.756245,-3.908738,0.179502,-1.609605,-0.288248,-0.711370,-0.350620,-0.252769,-0.673511,-0.009434,-0.596009,-0.111514,-0.207274,9.367511,4.143305,1.043826,2.124188,0.932671,0.994205,0.617444,0.493073,0.605681,0.447835,0.538049,0.298956,0.336507,gun_shot
8.004070,-3.775543,-0.178365,-1.750748,-0.584267,-0.651200,-0.285083,-0.122561,-0.559576,-0.117490,-0.667513,-0.027432,-0.132334,9.038283,4.125287,1.002986,2.226496,1.023516,0.944252,0.629464,0.414697,0.637566,0.406604,0.661316,0.342997,0.389255,gun_shot
9.515690,-2.076971,0.175175,-1.174674,-0.363484,-1.008021,-0.454744,-0.330284,-0.368007,0.160170,-0.448500,-0.279642,-0.424366,10.258308,2.215121,1.374000,1.335661,1.128875,0.875331,0.756228,0.447015,0.493064,0.715299,0.345080,0.361112,0.326743,gun_shot
8.955361,-1.888146,0.305773,-1.520137,0.005606,-1.266179,-0.309902,-0.383286,-0.371175,0.177856,-0.590521,-0.246226,-0.517467,9.774591,1.986361,1.485894,1.450705,1.447720,0.990586,0.840345,0.497719,0.515847,0.799220,0.397031,0.432568,0.340867,gun_shot
8.015010,-3.738430,0.437406,-2.083929,0.054673,-0.953094,-0.263234,-0.410129,-0.666993,-0.052719,-0.551173,-0.077259,-0.461697,9.051561,3.800696,1.516977,2.106533,1.139052,1.086198,0.717943,0.596524,0.557893,0.585318,0.395222,0.552694,0.332854,gun_shot
5.878282,-4.146887,0.694841,-2.942303,0.145110,-1.307153,-0.218233,-0.337253,-0.660222,-0.196614,-0.531587,0.097293,-0.353799,6.831414,4.111665,1.375169,2.769511,1.147606,1.217786,0.660004,0.489025,0.627002,0.400295,0.414084,0.564064,0.284942,gun_shot
8.344492,-4.021184,0.253674,-1.889788,-0.380812,-0.719846,-0.519170,-0.416797,-0.702239,-0.261282,-0.523087,-0.137189,-0.365527,9.242056,3.962900,1.306850,2.020563,1.119208,0.995398,0.681104,0.565208,0.611129,0.427871,0.364473,0.392439,0.339238,gun_shot
8.596995,-3.570043,0.011700,-1.570182,-0.493765,-0.771420,-0.488338,-0.492572,-0.706110,-0.271977,-0.553914,-0.097533,-0.298747,9.469299,3.592859,1.408119,1.858394,1.114857,0.963086,0.660198,0.536135,0.629746,0.368187,0.471717,0.383457,0.341723,gun_shot
8.829715,-3.796025,0.139620,-1.617845,-0.524634,-0.694400,-0.585897,-0.435667,-0.784412,-0.224013,-0.641115,-0.177363,-0.342896,9.690279,3.811447,1.514073,1.881122,0.995808,0.815781,0.670218,0.510474,0.638056,0.380388,0.474210,0.383430,0.318872,gun_shot
8.484073,-3.483448,-0.197782,-1.526305,-0.318682,-0.722590,-0.376214,-0.537178,-0.714229,-0.171679,-0.580515,-0.129036,-0.517643,9.517594,3.428383,1.372801,1.587230,1.017104,0.837685,0.641032,0.460178,0.472379,0.526607,0.391987,0.525606,0.341178,gun_shot
8.901948,-3.411345,-0.082512,-1.498806,-0.104353,-0.725355,-0.330034,-0.535749,-0.725221,-0.114069,-0.586505,-0.078455,-0.463450,9.835765,3.548786,1.467542,1.699145,1.152700,0.849696,0.672370,0.457001,0.495331,0.552428,0.395940,0.530428,0.323327,gun_shot
8.871661,-3.221633,-0.127929,-1.483013,-0.192200,-0.847299,-0.259521,-0.350863,-0.649450,0.018778,-0.566855,-0.091557,-0.443930,9.789009,3.273215,1.175621,1.585225,1.085129,0.791713,0.672267,0.434643,0.496813,0.624906,0.382732,0.490082,0.360256,gun_shot
7.742101,-3.101844,0.696651,-1.968939,0.461065,-1.180681,-0.029730,-0.422696,-0.420771,0.005414,-0.542544,0.018601,-0.415574,8.517192,3.073228,1.630613,1.957094,1.383804,1.085556,0.734520,0.481954,0.478194,0.588183,0.397596,0.529013,0.344541,gun_shot
8.589698,-3.192983,0.101918,-1.396038,-0.138126,-0.898172,-0.207291,-0.292447,-0.540020,0.007335,-0.496790,-0.041082,-0.319972,9.296366,3.371731,1.248818,1.632962,1.046057,0.887792,0.678670,0.463090,0.534183,0.533521,0.416198,0.420053,0.301736,gun_shot
8.431483,-2.298879,0.440846,-1.655351,-0.383356,-1.260733,-0.564549,-0.338904,-0.461057,0.095043,-0.576863,-0.283952,-0.550550,9.375812,2.286948,1.616226,1.517813,1.162013,0.968782,0.700287,0.472863,0.493795,0.735088,0.342817,0.430258,0.347371,gun_shot
8.910507,-3.354315,-0.133165,-1.466209,-0.261523,-1.013196,-0.422718,-0.301976,-0.557758,-0.205958,-0.472354,0.068845,-0.307405,9.688436,3.483175,1.379987,1.797938,1.186478,1.035553,0.702042,0.522449,0.624408,0.375817,0.412375,0.531203,0.319792,gun_shot
8.337858,-3.340293,-0.246771,-1.585419,-0.462811,-0.952724,-0.270587,-0.329886,-0.637535,-0.172498,-0.522085,0.011986,-0.393572,9.245320,3.372656,1.175711,1.719631,1.024833,0.880196,0.655667,0.430947,0.596491,0.467865,0.399204,0.517819,0.317544,gun_shot
8.754360,-2.956445,-0.110658,-1.403799,-0.184949,-0.736694,-0.189315,-0.307576,-0.608198,-0.016897,-0.503399,-0.076798,-0.383334,9.552834,3.101172,1.192395,1.604221,1.011306,0.759025,0.682242,0.434806,0.541853,0.547664,0.345598,0.434536,0.329544,gun_shot
7.587631,-3.482092,0.471773,-1.964284,0.050261,-1.040117,-0.185384,-0.448304,-0.515877,-0.078427,-0.482811,-0.083235,-0.399183,8.498579,3.444878,1.397552,2.091843,1.137650,1.043916,0.734533,0.504097,0.526994,0.549457,0.372077,0.437454,0.314957,gun_shot
8.465209,-4.167415,0.064718,-1.924553,-0.191252,-0.825061,-0.480430,-0.407578,-0.793097,-0.031724,-0.627831,-0.097135,-0.455809,9.479207,4.064537,1.281089,1.866738,0.983334,0.928683,0.634476,0.434301,0.589356,0.572116,0.408073,0.478883,0.338161,gun_shot
6.569592,-3.247904,0.411201,-2.435076,0.384324,-1.347407,-0.187545,-0.424416,-0.681862,-0.071090,-0.629448,-0.011461,-0.431381,7.539952,3.426703,1.370817,2.268165,1.252066,1.146499,0.752810,0.476283,0.523142,0.510431,0.434254,0.558373,0.297436,gun_shot
8.906333,-3.507043,-0.364477,-1.386527,-0.483085,-0.701952,-0.389312,-0.346022,-0.676566,-0.204845,-0.679499,-0.196767,-0.316103,9.686210,3.618908,1.448832,1.745014,1.073487,0.884712,0.598428,0.484937,0.602094,0.414836,0.555990,0.362198,0.349529,gun_shot
5.636221,2.698863,0.059045,0.246265,-0.299162,-0.355753,-0.303003,-0.080754,0.039109,0.282247,0.322611,0.272191,0.090548,5.936142,3.570242,1.148916,0.812626,0.760880,0.741342,0.632696,0.540286,0.472451,0.532285,0.531890,0.499006,0.419554,gun_shot
5.936133,2.582639,-0.047797,0.302587,-0.125676,-0.286529,-0.279602,-0.088775,0.069502,0.273014,0.231067,0.221820,0.126241,6.118282,3.410088,1.180391,0.767391,0.647937,0.749713,0.640649,0.506784,0.426788,0.532868,0.478214,0.462216,0.424601,gun_shot
6.492082,2.342858,-0.083318,0.458846,-0.158137,-0.343645,-0.247578,-0.108784,0.062063,0.264992,0.287735,0.253453,0.091311,6.660044,3.322774,1.122815,0.899689,0.685514,0.816991,0.575617,0.554288,0.474848,0.515394,0.476057,0.472067,0.402817,gun_shot
6.444790,2.757198,-0.158323,0.262359,-0.200893,-0.447851,-0.215043,-0.138419,0.080051,0.256203,0.326674,0.318232,0.125938,6.634739,3.701258,1.038973,0.740242,0.636006,0.847153,0.576794,0.578139,0.451290,0.503303,0.480321,0.472366,0.391316,gun_shot
7.006380,1.534090,-0.911736,-0.094148,-0.353020,-0.620544,-0.476403,-0.236632,0.054854,0.200305,0.285986,0.267110,0.044184,7.256955,3.135533,1.432062,0.779567,0.762452,0.941495,0.727324,0.611114,0.488584,0.648201,0.607197,0.594241,0.478054,gun_shot
6.538471,2.040510,-0.582872,0.004966,-0.193413,-0.509728,-0.375227,-0.145718,0.040326,0.317644,0.374557,0.363926,0.143791,6.721628,3.218537,1.289049,0.717161,0.698052,0.866601,0.682285,0.576254,0.534461,0.629236,0.576780,0.554279,0.482405,gun_shot
7.103582,2.010599,-0.622914,0.014320,-0.214745,-0.488786,-0.422738,-0.229344,0.035806,0.200108,0.361309,0.286287,0.127412,7.255890,3.265908,1.196367,0.742202,0.715660,0.879253,0.685798,0.635485,0.431943,0.646135,0.533361,0.553394,0.394954,gun_shot
6.887908,2.602494,-0.148239,0.252806,-0.178430,-0.363395,-0.317482,-0.051111,0.041512,0.280589,0.355227,0.355145,0.139222,7.028099,3.757098,1.305635,0.781823,0.626224,0.770943,0.625204,0.474745,0.416284,0.504167,0.523855,0.519027,0.428404,gun_shot
7.296419,1.293529,-0.578368,0.194619,-0.297876,-0.579521,-0.400523,-0.185423,-0.106834,0.152941,0.218534,0.124352,0.013786,7.661481,2.884721,1.343718,0.875866,0.732947,0.905247,0.635880,0.474802,0.462337,0.609590,0.549529,0.519066,0.395539,gun_shot
6.272342,1.282275,-0.352070,0.286420,0.153394,0.219458,0.168489,-0.047002,-0.227099,-0.203088,0.028294,0.100200,0.051452,6.593211,2.543299,1.130014,0.827833,0.778781,0.766009,0.529693,0.501225,0.492768,0.497624,0.397032,0.481458,0.480284,gun_shot
4.852803,-2.663946,2.155189,-0.504957,1.832807,-0.728051,0.103815,-0.703411,0.442217,-0.770971,-0.298337,0.038272,-0.299292,5.547968,2.616062,2.698419,0.838819,2.330398,0.757034,0.811381,0.658791,1.080703,0.721522,0.393333,0.529298,0.529174,gun_shot
4.395444,-2.831165,1.572131,-1.041707,1.838070,-0.724013,0.436772,-0.539623,0.903157,-0.704605,-0.606572,-0.212686,0.012162,4.845047,3.087706,2.097731,1.535128,2.080195,0.986570,0.890685,0.776502,1.149207,0.910252,0.833864,0.441597,0.417059,gun_shot
5.046802,-2.898533,2.020033,-0.492084,1.768609,-0.659481,0.018736,-0.641402,0.459589,-0.724806,-0.332439,0.102989,-0.270598,5.725890,2.916446,2.519212,0.958683,2.228995,0.718235,0.714628,0.626822,1.074433,0.728602,0.417073,0.557513,0.522539,gun_shot
4.099791,-2.914155,1.153509,-0.905130,1.867188,-0.673208,0.354743,-0.438324,0.982504,-0.630739,-0.716802,-0.242386,0.039823,4.686759,3.234197,1.818002,1.543540,2.099923,0.970479,0.898548,0.709215,1.194368,0.846719,0.941384,0.530346,0.408599,gun_shot
5.401536,-2.525082,2.041124,-0.776517,1.119509,-0.633619,0.078514,-0.238615,0.424155,-0.350125,-0.651684,-0.139101,-0.600718,6.550541,2.303205,2.970275,1.087138,1.997597,0.526133,0.890452,0.616625,1.260459,0.615791,0.540766,0.597671,0.465480,gun_shot
4.682112,-2.368570,2.338882,-1.187658,1.546695,-1.104408,0.492057,-0.229758,0.167733,-0.807076,-0.246247,-0.065528,-0.439289,5.750940,2.230551,2.921546,1.318990,2.099713,0.962295,1.047659,0.605672,1.002372,0.600320,0.451909,0.648968,0.494193,gun_shot
8.348525,-3.662065,0.451092,-1.472926,-0.924995,-1.083375,-0.374502,0.038207,-0.876012,-0.279697,-0.397157,-0.408879,-0.264734,9.032054,3.717638,1.164696,1.809008,1.040261,1.103167,0.537814,0.516511,0.803359,0.367315,0.374273,0.338721,0.317981,gun_shot
7.929170,-3.579490,0.707500,-1.686852,-0.717235,-1.092042,-0.350011,0.163943,-0.797581,-0.385332,-0.363333,-0.293448,-0.281328,8.631766,3.608299,1.388529,1.922503,0.967418,1.058694,0.536571,0.601045,0.735388,0.454663,0.374643,0.326818,0.381864,gun_shot
8.207390,-3.519050,0.457526,-1.368815,-1.020203,-1.109448,-0.441915,0.188053,-0.873339,-0.365960,-0.401865,-0.341959,-0.260811,8.854941,3.551116,1.178207,1.718002,1.173759,1.073345,0.522237,0.563428,0.774642,0.396547,0.371526,0.327577,0.354754,gun_shot
8.000925,-3.680984,0.554702,-1.700076,-0.887339,-1.234525,-0.348706,0.145798,-0.943740,-0.334562,-0.409599,-0.290148,-0.263028,8.680005,3.706471,1.215082,1.919388,1.034639,1.183330,0.459055,0.544149,0.876369,0.408984,0.388943,0.335844,0.366134,gun_shot
8.474474,-2.047970,1.472889,-1.054095,-1.077599,-1.439785,-0.358273,0.026100,-0.855045,-0.308641,-0.327936,-0.511361,-0.356934,9.265810,2.035668,2.121637,1.117456,1.331822,1.266738,0.623126,0.594085,0.722508,0.404156,0.448757,0.366019,0.340977,gun_shot
8.297203,-2.203600,1.038116,-0.878769,-1.058132,-1.512872,-0.528512,0.039828,-0.892019,-0.285826,-0.163515,-0.478263,-0.391449,9.171438,2.187954,1.835459,0.981773,1.206678,1.277373,0.710754,0.673415,0.727226,0.428863,0.432332,0.340631,0.336072,gun_shot
8.455110,-3.699122,0.843931,-1.486506,-0.619180,-0.992186,-0.255864,0.127738,-0.866534,-0.196827,-0.297617,-0.269803,-0.230076,9.112981,3.877563,1.418561,1.786128,0.933006,1.038024,0.505204,0.498238,0.768213,0.371615,0.350494,0.326461,0.304164,gun_shot
8.627508,-3.652907,0.559831,-1.260528,-0.822695,-1.101183,-0.344807,0.126198,-0.818889,-0.166210,-0.283706,-0.231258,-0.250315,9.296447,3.792409,1.200397,1.778159,0.919301,1.134874,0.568585,0.545472,0.727648,0.414535,0.343542,0.344332,0.315846,gun_shot
8.812067,-3.508069,0.352701,-1.414649,-1.062895,-1.092749,-0.280360,0.134745,-0.900734,-0.284991,-0.389824,-0.315722,-0.306580,9.606057,3.567399,1.158206,1.687280,1.091986,1.020090,0.521727,0.563263,0.758423,0.352374,0.351670,0.317950,0.289085,gun_shot
7.439800,-3.534010,0.954609,-1.820561,-0.605777,-1.332716,-0.239423,0.248808,-0.870349,-0.264256,-0.275839,-0.338953,-0.292034,8.087519,3.585691,1.480195,2.002954,0.868143,1.323310,0.432174,0.709870,0.716738,0.389619,0.400728,0.366428,0.282065,gun_shot
8.521162,-3.614540,0.493407,-1.479138,-0.999284,-1.086997,-0.318784,0.205963,-0.879983,-0.206149,-0.337213,-0.282563,-0.261942,9.232560,3.668202,1.151161,1.736370,1.041034,1.092030,0.486165,0.575746,0.786820,0.423013,0.393980,0.335958,0.351977,gun_shot
8.039469,-3.978799,0.817776,-1.806376,-0.756200,-1.245312,-0.269551,0.239763,-0.902879,-0.314663,-0.380435,-0.337041,-0.256313,8.672259,3.941387,1.362070,1.913971,0.953106,1.255366,0.527656,0.658538,0.781700,0.343874,0.374797,0.322326,0.296055,gun_shot
7.516970,-3.802694,0.617296,-1.740361,-0.842113,-1.148077,-0.468180,0.191006,-0.915697,-0.282672,-0.424029,-0.312140,-0.195343,8.081711,3.847553,1.137500,1.881204,0.965439,1.219056,0.566892,0.545029,0.812783,0.372101,0.407310,0.344586,0.294222,gun_shot
7.632258,-4.238750,0.964539,-1.824574,-0.857385,-1.223656,-0.350448,-0.027124,-0.865955,-0.214356,-0.335520,-0.307198,-0.342815,8.427693,4.154471,1.571736,1.882519,1.004338,1.185868,0.524442,0.522458,0.729892,0.389362,0.383669,0.323173,0.311444,gun_shot
8.713231,-3.739779,0.595910,-1.352779,-0.968461,-0.982046,-0.363155,0.195370,-0.867780,-0.213354,-0.381652,-0.320094,-0.187733,9.364244,3.894330,1.138996,1.831662,1.065700,1.077778,0.555939,0.546876,0.820053,0.334163,0.408499,0.342983,0.341983,gun_shot
7.869918,-4.188332,1.034430,-1.809867,-0.438167,-1.224645,-0.500796,0.337379,-0.999720,-0.104834,-0.298283,-0.251609,-0.265303,8.391295,4.099392,1.533980,1.828303,0.936339,1.159241,0.508169,0.765856,0.833366,0.422037,0.377488,0.340134,0.325135,gun_shot
7.759522,-4.042950,1.182365,-1.746292,-0.308390,-1.167393,-0.316792,0.409915,-0.991853,-0.129426,-0.284986,-0.276012,-0.260650,8.270066,3.933574,1.676687,1.756246,0.927866,1.080165,0.472220,0.798461,0.816903,0.388321,0.340222,0.345720,0.340623,gun_shot
7.125687,-3.974935,0.918467,-1.959505,-0.456818,-1.367588,-0.533919,0.218597,-0.951357,-0.178121,-0.370788,-0.335908,-0.308666,7.732980,3.880273,1.463888,1.859028,0.872675,1.185607,0.580773,0.681660,0.755185,0.365989,0.409449,0.305063,0.324500,gun_shot
8.241717,-3.533356,0.623916,-1.470376,-0.921919,-1.102590,-0.426178,0.066248,-0.872699,-0.218620,-0.299636,-0.375760,-0.343538,9.032388,3.619640,1.281300,1.868581,1.081002,1.117091,0.521662,0.597144,0.747447,0.458224,0.375768,0.321506,0.366162,gun_shot
8.674062,-3.853182,0.513673,-1.744907,-1.053527,-1.145096,-0.268130,0.170907,-0.804752,-0.354380,-0.354668,-0.252211,-0.196324,9.294530,3.982377,1.239644,2.123118,1.248542,1.226053,0.490513,0.577126,0.791017,0.439232,0.394060,0.367990,0.364485,gun_shot
6.677274,-3.893007,0.971210,-2.386123,-0.423716,-1.428167,-0.279375,-0.044543,-0.903269,-0.255241,-0.271203,-0.318360,-0.330205,7.442592,3.988229,1.486766,2.425875,0.712277,1.366618,0.623124,0.512174,0.782624,0.401563,0.431816,0.308785,0.376757,gun_shot
3.668755,-1.201901,-0.394763,1.648280,0.009467,1.232425,0.284779,0.945566,0.467496,0.911543,0.287340,0.720442,0.147788,5.440942,3.213932,1.888146,1.952337,0.699016,1.282592,0.547383,0.989122,0.538144,0.851523,0.362411,0.669637,0.329198,gun_shot
4.955284,-0.464738,-0.592855,0.208930,1.367007,-0.001524,-1.008950,-0.037200,0.302447,-0.092588,-0.780531,-1.085827,-0.220332,5.426956,1.595023,1.490992,0.799941,1.707129,0.442077,0.954594,0.414265,0.666003,0.385374,0.686546,0.961401,0.446162,gun_shot
1.692710,-0.996966,2.605189,-2.893495,1.471585,-2.221558,1.409671,-0.884002,1.238754,-0.439283,0.330108,-0.181054,0.217035,2.718816,2.340553,2.604675,3.288653,1.514333,2.548064,1.359030,1.218567,1.229869,0.877515,0.607904,0.691179,0.498682,gun_shot
3.080545,-1.550595,1.692052,-3.047046,1.190785,-2.364365,1.079304,-1.059927,1.029267,-0.599304,0.352842,-0.433564,-0.049621,3.531429,2.282835,2.105731,3.231051,1.415744,2.518607,1.312871,1.158036,1.231305,0.692393,0.698534,0.601225,0.448533,gun_shot
2.251900,-1.152189,2.473785,-2.986852,1.454865,-2.279774,1.352053,-0.769392,1.095171,-0.524044,0.337700,-0.223159,0.131638,3.157524,2.058852,2.636990,3.283105,1.541161,2.549234,1.397530,1.018985,1.108139,0.810386,0.569273,0.579929,0.417106,gun_shot
2.941027,-0.706705,1.919578,-2.785241,1.694652,-1.933320,1.265364,-0.919361,1.078003,-0.554650,0.499479,-0.332412,0.087464,3.309413,1.700934,2.162543,3.056233,1.885329,2.193489,1.368068,1.114460,1.124656,0.747373,0.642368,0.631265,0.358348,gun_shot
2.872552,-2.179878,1.322125,-2.926034,1.724689,-1.959901,1.000851,-0.925375,0.859820,-0.556273,0.211042,-0.316581,0.081712,3.147311,2.713863,1.518669,3.278540,1.985116,2.259675,1.210836,1.178511,1.081893,0.812569,0.447566,0.539697,0.525019,gun_shot
2.688638,-1.655025,1.349551,-2.557966,1.726832,-1.452798,1.554170,-0.482637,1.222823,-0.354945,0.586330,-0.415527,0.038890,3.570393,2.490174,1.687485,2.827334,1.885776,1.656902,1.755979,0.741663,1.362307,0.576749,0.766768,0.639456,0.389375,gun_shot
3.227492,-0.665065,1.439321,-1.817493,1.676290,-0.880307,1.427563,0.004317,1.144061,-0.151584,0.406265,-0.109464,0.104911,3.855591,2.722675,1.857588,2.539867,1.843143,1.526515,1.668504,0.607165,1.278531,0.570196,0.686755,0.469939,0.434233,gun_shot
3.128089,-1.174763,1.170890,-2.438700,1.315173,-1.827817,1.101408,-0.699724,0.979387,-0.375252,0.564283,-0.321197,0.161493,4.039946,1.864363,1.571886,2.805948,1.436131,2.104280,1.294152,1.029824,1.079529,0.702905,0.739849,0.652140,0.539682,gun_shot
2.533218,-1.082361,0.997419,-3.102442,0.900904,-1.943428,1.417431,-0.585397,1.296702,-0.308729,0.681326,-0.264021,0.336585,3.305450,2.000899,1.377445,3.595715,0.883036,2.383064,1.408126,1.017915,1.221890,0.773553,0.769702,0.712803,0.559465,gun_shot
6.047725,-1.485516,0.750223,-2.282670,0.798849,-1.434031,0.440088,0.038344,0.591781,0.260419,0.300862,0.191133,-0.195736,6.771825,2.193594,1.339831,2.555777,1.318429,1.543386,0.992341,0.656581,1.034826,0.627269,0.690809,0.603108,0.412370,gun_shot
1.748000,-4.141280,0.846919,-3.299744,1.732808,-1.503890,1.323176,-1.009159,0.659529,-0.325313,0.519994,0.032742,-0.063223,3.061050,4.494580,1.392749,3.433975,1.993162,1.615910,1.561242,1.107863,0.989413,0.502549,0.803985,0.395537,0.478151,gun_shot
1.252512,-3.423742,0.841710,-3.250560,1.601294,-1.364841,1.495850,-0.928530,0.714187,-0.304268,0.607287,-0.154816,-0.106500,2.816993,3.993825,1.311984,3.421312,1.887044,1.428737,1.736830,1.006211,1.061282,0.488097,0.858630,0.491584,0.460148,gun_shot
0.593115,-4.222575,1.127810,-3.395095,1.953022,-1.423077,1.519156,-1.074169,0.788452,-0.027602,0.446677,0.056786,-0.084108,2.707836,4.631763,1.532973,3.550648,2.195393,1.521912,1.750982,1.171227,1.110645,0.462181,0.744533,0.522785,0.479766,gun_shot
0.773677,-4.016657,1.429287,-2.789626,2.403885,-1.082577,1.723186,-0.766545,1.083500,0.002397,0.735491,0.082683,0.133390,2.818122,4.750681,1.561993,3.262801,2.424324,1.520439,1.747363,1.181821,1.121733,0.523042,0.827804,0.435742,0.479156,gun_shot
2.718158,-3.538719,1.608489,-2.078049,2.640398,-0.300882,1.917754,-0.248455,0.842614,0.374501,0.411552,0.234215,-0.181487,4.517958,4.007355,2.180151,2.308616,3.076011,0.852909,2.242713,0.544912,1.271155,0.788955,0.790219,0.569227,0.483383,gun_shot
4.253104,-0.436553,1.336325,-2.590585,0.934828,-1.728911,0.890523,-0.548288,0.914161,-0.094128,0.564375,0.058829,0.184357,4.619313,2.406517,1.778107,3.046036,1.096844,2.103791,1.203486,0.919909,1.138586,0.511014,0.744963,0.471702,0.511990,gun_shot
5.006572,-0.729676,1.127662,-2.184554,1.207851,-1.588742,0.920424,-0.358682,1.009960,-0.001881,0.556471,-0.023298,0.043808,5.447809,1.980743,1.576837,2.537362,1.469732,1.793896,1.265197,0.637626,1.220619,0.500581,0.754577,0.512581,0.528238,gun_shot
3.135858,-0.751453,1.406865,-2.577783,1.145137,-1.880836,0.979654,-0.644024,1.002769,-0.220342,0.556816,-0.230033,0.067772,4.116559,1.722203,1.889564,2.838308,1.368315,2.057071,1.254637,0.878339,1.195882,0.517132,0.702332,0.604376,0.433882,gun_shot
4.148751,-0.242613,1.234398,-2.648857,1.150605,-1.360299,0.850802,0.024758,0.996717,0.411495,0.558914,0.217977,0.091431,4.494231,2.121500,1.499680,3.096323,1.274467,1.817593,1.201144,0.552501,1.203150,0.554320,0.768593,0.395852,0.441301,gun_shot
4.150773,-0.716925,1.184832,-2.729773,1.050417,-1.678713,1.109677,-0.470649,1.111559,0.041683,0.592700,-0.022426,0.155494,4.748722,2.186335,2.020409,3.149234,1.329126,2.009049,1.498943,0.855197,1.294615,0.499244,0.792717,0.447543,0.598660,gun_shot
4.246589,-1.016942,0.838744,-2.809149,0.834354,-1.839822,0.810872,-0.569693,1.017065,-0.117894,0.523238,-0.195320,-0.021199,4.903169,2.125599,1.429805,2.943009,1.199553,1.951243,1.307866,0.754557,1.391607,0.468222,0.882091,0.487044,0.558530,gun_shot
3.842497,-0.357456,2.055741,-1.493426,1.797253,-0.852923,1.404788,-0.301724,0.944752,-0.058443,0.386822,-0.085145,0.187469,4.465957,2.330179,2.174999,1.998200,1.824494,1.278343,1.575748,0.741594,1.123600,0.573242,0.789989,0.455706,0.562848,gun_shot
2.994490,-2.804074,2.168034,-2.475343,1.603694,-1.481125,0.812182,-0.946882,0.607240,-0.429517,0.139833,-0.236513,-0.135638,4.296058,2.999046,2.651500,2.503540,1.914163,1.462952,1.180518,0.984395,1.071978,0.543636,0.636913,0.530264,0.423722,gun_shot
2.385920,-2.042765,2.669443,-2.326569,1.761696,-1.554169,1.014801,-0.913571,0.635075,-0.467991,0.120931,-0.424882,-0.189161,3.590589,2.282311,3.056394,2.351333,2.079680,1.467974,1.404726,0.886591,1.034993,0.578678,0.619533,0.492383,0.453848,gun_shot
3.547103,-1.249705,0.773472,-1.855450,3.014615,-1.551590,0.821544,-0.530983,0.578339,-0.947199,0.588804,-0.656336,-0.349944,4.050941,1.627571,1.444051,1.903413,3.475084,1.475197,1.283790,0.535608,1.122966,0.817680,1.084469,0.640462,0.447359,gun_shot
6.580601,-1.532512,-0.231808,-1.610025,0.163739,-1.223282,-0.218942,-0.653472,-0.495541,-0.176152,-0.512239,-0.281336,-0.036921,7.486373,3.086309,2.371398,1.860210,1.008827,1.417006,0.852406,0.914946,0.696399,0.494630,0.664356,0.601533,0.570263,gun_shot
4.757376,-1.459112,1.075348,-1.285522,0.221766,-0.985399,0.371603,-0.669696,-0.107457,0.080484,-0.340233,-0.130047,0.288268,5.288820,3.077886,1.888467,1.982831,1.230518,1.576817,0.644710,1.242871,0.649039,0.628464,0.784495,0.679513,0.736697,gun_shot
5.618366,-1.432090,0.775326,-1.376800,0.153090,-0.934599,0.184505,-0.652803,-0.212829,0.109256,-0.376121,-0.138670,0.191243,6.064168,2.968117,1.903983,1.867378,1.252289,1.488819,0.631047,1.117640,0.646925,0.575722,0.735088,0.657094,0.617945,gun_shot
6.084823,-2.289057,0.663657,-0.365384,0.601745,0.893587,-0.502074,0.966937,-0.301398,0.447559,0.394836,-0.218161,0.125975,6.679243,3.836288,1.602013,0.740096,0.652585,0.897515,1.037372,1.072141,0.685245,0.555589,0.470939,0.484126,0.439693,gun_shot
-1.271417,1.020389,-0.215909,-0.067313,-0.275997,0.295560,0.396580,0.644533,0.356676,0.674466,0.406137,0.599551,0.434635,3.074599,2.423595,1.423900,0.915259,0.907897,0.593576,0.466080,0.564303,0.445728,0.529125,0.383892,0.412833,0.342474,gun_shot
-0.869289,0.508587,-0.210308,-0.326742,-0.473010,0.099424,0.115906,0.405836,0.201517,0.534696,0.355597,0.499140,0.397580,2.756081,2.497076,1.400257,1.083795,1.040852,0.609124,0.449314,0.460957,0.480445,0.438420,0.376237,0.391700,0.344555,gun_shot
-0.144494,-0.084368,-0.823365,-0.076040,0.069050,0.448473,0.206614,0.342229,0.156949,0.560052,0.510500,0.573909,0.318470,2.182516,2.545729,1.543173,0.736803,0.612982,0.561826,0.374379,0.456894,0.416132,0.459462,0.387852,0.439997,0.314449,gun_shot
2.047233,-1.039264,-0.456615,0.196548,0.615990,0.798212,0.542184,0.532915,0.422055,1.006600,0.999044,0.968263,0.648807,2.328048,3.046802,1.486491,1.263227,0.705049,0.699127,0.464412,0.661838,0.562388,0.525559,0.514311,0.496274,0.349913,gun_shot
2.518717,-1.964699,-0.637033,-0.330762,0.326901,0.585118,0.416269,0.423400,0.322166,0.844571,0.878066,0.909278,0.551722,2.569878,3.294774,1.573626,1.420707,0.617359,0.641302,0.492658,0.652149,0.515075,0.549372,0.517366,0.582991,0.402938,gun_shot
2.370896,-1.913389,-0.560916,-0.353878,0.266780,0.514468,0.441685,0.483057,0.456754,0.872094,0.856538,0.972357,0.602627,2.425567,3.163761,1.639871,1.488731,0.769882,0.664779,0.474767,0.684115,0.469187,0.534491,0.461481,0.548241,0.372601,gun_shot
1.915792,-1.642750,-0.550021,-0.408668,0.490779,0.581575,0.449113,0.462425,0.392895,0.826896,0.817291,0.909365,0.631584,1.988151,3.460767,1.675729,1.485533,0.646997,0.730089,0.482154,0.613910,0.510169,0.530462,0.389576,0.492916,0.394558,gun_shot
2.108210,-0.607089,-0.620505,0.062385,0.500192,0.748040,0.526838,0.574147,0.437399,0.915915,0.892439,0.947402,0.637689,2.142913,2.705993,1.672093,1.124288,0.706178,0.669903,0.438752,0.532761,0.509538,0.502267,0.468610,0.466619,0.296298,gun_shot
2.275037,-1.425299,-0.852308,-0.327470,0.153493,0.438406,0.371356,0.429013,0.244838,0.759335,0.784304,0.884169,0.551427,2.418585,2.820568,1.814377,1.283710,0.801145,0.615716,0.494047,0.620002,0.621511,0.518054,0.456375,0.545092,0.351911,gun_shot
1.485722,-2.042227,-1.080257,-0.350900,-0.052857,0.000307,0.031642,0.063237,-0.092087,0.345533,0.390995,0.430970,0.293195,2.008971,2.937246,1.943963,1.156499,0.736188,0.587911,0.482659,0.528475,0.558425,0.446194,0.416611,0.401617,0.321647,gun_shot
-0.598683,0.200451,-0.947579,-0.296203,-0.170323,0.274058,0.118070,0.250274,0.041404,0.451808,0.426098,0.560967,0.332672,2.353045,2.371302,1.671509,0.865089,0.691733,0.507588,0.413101,0.431540,0.480766,0.397193,0.387840,0.452048,0.278643,gun_shot
3.266273,0.477590,1.006283,-0.033693,-0.253832,0.394854,-0.197353,0.021177,-0.043874,0.240513,0.071005,0.187675,0.039158,3.573108,0.906111,1.201517,0.539349,0.585318,0.599091,0.587204,0.490852,0.416189,0.444892,0.353658,0.373356,0.316711,gun_shot
5.406841,0.914907,0.994883,0.541864,0.028133,0.470138,-0.334915,0.068927,0.168572,0.247171,-0.042971,0.173678,0.054825,5.772380,1.872243,1.411906,0.779021,0.634912,0.750845,0.663354,0.442406,0.461334,0.432047,0.342459,0.329854,0.286201,gun_shot
4.485106,0.320953,-0.014372,0.174750,0.177097,0.529942,0.340973,0.323540,0.048704,0.192937,-0.019268,0.065322,-0.081921,5.128312,1.821187,1.402144,0.777962,0.777515,0.862012,0.720543,0.661293,0.392675,0.478313,0.351769,0.375345,0.375163,gun_shot
6.775713,1.163731,-1.225447,0.496259,0.004901,-0.048918,-0.543650,-0.463173,-0.292598,-0.146289,-0.414812,-0.290741,0.006595,7.169711,2.597359,1.621401,0.821956,0.703183,0.499568,0.683101,0.677016,0.586121,0.433764,0.563859,0.443783,0.339786,gun_shot
6.649107,0.123668,-1.112455,0.262575,-0.114613,0.120585,-0.475073,-0.112685,-0.164310,-0.126449,-0.142307,-0.136026,0.043056,6.980386,2.370477,1.501867,0.716020,0.633246,0.512244,0.645238,0.546186,0.512885,0.432408,0.429278,0.371722,0.377514,gun_shot
5.779821,1.729906,-0.906209,0.723172,0.443718,0.573242,0.166927,-0.016173,0.018743,0.054278,-0.280619,-0.305596,-0.220366,6.612872,3.100623,1.324378,1.091165,0.846803,0.937273,0.586793,0.425843,0.407108,0.459816,0.347681,0.328907,0.313513,gun_shot
4.133253,-0.787769,0.080694,-0.265347,-0.901764,0.300791,0.900576,1.226666,1.072486,0.682079,0.930173,0.701164,0.643597,4.896030,3.710758,1.930111,1.297040,1.942188,0.736911,0.600661,0.967532,0.679241,0.486882,0.574242,0.475030,0.484671,gun_shot
4.288321,-0.599282,-0.254815,0.141854,-1.000045,0.281348,0.853330,0.931180,1.146810,0.616277,0.773111,0.469213,0.352020,4.925725,3.731602,1.965604,1.283262,1.788702,0.711363,0.779382,1.040518,0.961936,0.727407,0.694772,0.504584,0.556410,gun_shot
4.587282,-1.694237,0.152166,-0.175243,-1.014920,0.389582,0.711472,1.046424,1.335416,0.447946,1.059441,0.477478,0.477223,5.279596,4.511280,2.219443,1.292957,1.967526,0.590047,0.861318,1.074050,1.140475,0.721695,0.818296,0.509095,0.568602,gun_shot
4.522045,-1.281045,-0.285332,-0.416699,-1.141158,-0.140425,1.128239,0.749312,1.214297,0.342946,0.786588,0.439412,0.373462,5.194589,4.297856,2.226336,1.540309,2.051738,0.909424,1.221624,0.841691,1.162043,0.522085,0.652168,0.481417,0.373397,gun_shot
4.013917,-0.416367,0.130110,0.275647,-0.582080,0.139468,0.662655,0.821216,1.042478,0.478967,0.693969,0.301213,0.252394,4.677822,3.774225,1.683986,1.194617,1.403237,0.656643,0.804116,0.933759,1.019732,0.650021,0.711158,0.498634,0.432870,gun_shot
4.086528,-0.571553,0.156608,0.495165,-0.940122,0.226716,0.732614,0.675617,1.103862,0.286306,0.586785,0.434824,0.292659,4.877607,3.383383,1.656194,1.404276,1.627107,0.572424,0.752532,0.997655,0.969075,0.674628,0.516255,0.567531,0.547306,gun_shot
4.642156,-0.918777,0.303277,0.301232,-0.953791,0.253734,0.711744,0.910698,1.016045,0.311913,0.645237,0.424037,0.385035,5.111763,3.453419,1.624242,1.052346,1.801511,0.612462,0.814976,1.014011,0.942676,0.647512,0.642432,0.568490,0.573056,gun_shot
4.314717,-5.024912,2.468498,-1.507796,-0.203413,-0.162950,0.544309,1.677007,0.335352,0.906584,0.688920,0.755979,0.827995,5.392349,6.628122,2.172777,2.682237,1.807527,1.305219,0.889099,1.207457,0.809522,0.570859,0.557446,0.663141,0.630361,gun_shot
4.660128,-4.875600,2.569839,-1.623200,-0.460404,-0.160463,0.448934,1.530049,0.477933,0.803458,0.512621,0.750826,0.818345,5.382417,6.629018,2.302386,2.831968,2.259189,1.321538,1.163351,1.068608,0.871710,0.781412,0.609086,0.623131,0.467549,gun_shot
4.711201,-5.005985,2.302430,-1.679961,-0.783910,-0.346577,0.555508,1.349738,0.380221,0.709232,0.502740,0.494127,0.776348,5.297909,6.358003,2.102416,2.698077,2.320340,1.316989,0.999640,1.001118,0.865175,0.712157,0.497776,0.652265,0.492935,gun_shot
4.511524,-4.646574,2.074282,-0.961901,-0.552571,-0.068268,0.398904,1.606410,0.593318,0.733657,0.910291,0.629462,0.602805,5.424533,5.938118,2.013187,1.904159,2.022641,0.957521,1.124263,1.229588,0.567012,0.616846,0.532160,0.653228,0.441231,gun_shot
4.711106,-5.015827,2.375299,-1.478566,-0.440342,-0.108245,0.514164,1.482639,0.344174,0.873128,0.787963,0.665517,0.742520,5.602878,6.402804,2.112145,2.516400,1.845392,1.179460,0.918289,1.041849,0.768056,0.718303,0.481391,0.545992,0.521918,gun_shot
4.561177,-5.199365,2.280448,-1.126422,-0.295126,-0.164339,0.086537,1.548102,0.616716,0.727008,0.790629,0.780741,0.359714,5.794398,6.372136,2.433828,1.891633,1.681308,0.901351,1.389015,1.343138,0.634149,0.907711,0.665121,0.820130,0.451553,gun_shot
3.513660,-1.697836,2.495322,-0.602778,-0.409932,-0.191487,1.298198,1.406187,0.320083,1.386516,1.198844,0.227572,0.636223,4.268335,3.832944,2.388656,1.720701,1.370115,1.090113,1.224894,0.973091,0.612705,1.003521,0.763318,0.723722,0.473516,gun_shot
4.614179,-1.418529,0.529011,-0.178204,-0.786892,-0.103002,0.633460,0.891492,1.162922,0.408437,0.942018,0.549758,0.434518,5.113401,3.800713,1.525680,1.319646,1.640079,0.909655,0.768186,0.852602,0.920515,0.492662,0.703382,0.465666,0.397828,gun_shot
4.464915,-1.279122,0.453845,-0.183869,-0.831035,0.057512,0.735241,1.088151,1.283899,0.711794,1.037742,0.725955,0.606424,4.818734,3.847702,1.706562,1.332894,1.842009,0.897990,0.736297,0.853141,0.975388,0.608948,0.649220,0.451040,0.363694,gun_shot
6.506867,-3.558900,0.975729,-1.136765,-0.223183,0.157608,-0.016254,0.458718,0.692418,0.405521,0.824499,0.177771,0.312808,7.208364,4.667007,1.892477,1.698894,1.432692,0.783452,1.088217,0.827638,0.701823,0.611028,0.724408,0.576200,0.513573,gun_shot
5.384901,-2.647084,0.699471,-0.718084,-0.486501,0.452865,0.433403,0.710454,0.894259,0.476585,0.758364,0.381056,0.347541,6.366701,4.337878,2.045562,1.595790,1.565149,0.810913,0.787876,0.829215,0.839024,0.529621,0.659931,0.455444,0.442899,gun_shot
5.185899,-1.917099,0.663507,-0.369827,-0.443548,0.182316,0.154808,0.442674,0.863437,0.311691,0.862780,0.204525,0.435487,5.881883,3.688847,1.643318,1.088155,1.432205,0.566996,0.888480,0.584322,0.738871,0.549804,0.653152,0.504217,0.424429,gun_shot
1.080164,-0.207484,2.103864,0.491807,0.825035,0.727946,1.208938,1.338530,1.220496,1.077371,0.927189,0.880262,0.739012,2.460355,3.894653,1.813688,1.460386,0.906741,0.772331,0.755543,1.209052,1.010189,0.763029,0.705604,0.511495,0.529646,gun_shot
0.606855,-2.210790,2.154588,-0.636785,0.627128,0.040246,1.182931,1.339202,0.847296,1.322505,0.757310,0.985913,0.846169,3.175444,4.333636,1.921185,2.334838,0.949186,1.315585,0.723130,0.972843,0.612603,0.739675,0.533934,0.510832,0.591602,gun_shot
2.079981,-1.262791,2.305549,-0.334121,0.696331,0.348343,1.128419,1.636014,0.661719,1.284497,0.996245,1.137693,0.820385,3.131863,4.539819,2.023097,2.281988,0.905146,1.158180,0.734967,1.186374,0.717357,0.900231,0.536034,0.560668,0.413576,gun_shot
2.046133,-1.318241,2.308833,0.106166,0.722451,0.744478,1.158520,1.949060,1.004259,1.130755,0.953585,1.039479,0.770063,3.223249,4.310056,1.937564,1.914978,1.138119,1.024375,0.808525,1.542371,0.676136,0.650729,0.608692,0.615480,0.499237,gun_shot
2.326576,-1.591916,2.454059,-0.311733,0.756807,0.347102,1.248772,1.611282,0.655289,1.291678,0.821788,1.233301,0.820265,3.458866,4.732991,2.059542,2.354945,0.882767,1.279150,0.675103,1.153682,0.711374,0.855289,0.510229,0.690223,0.393812,gun_shot
2.428143,-4.384543,2.701295,-2.166364,0.562435,-1.149561,1.190951,0.938286,0.562188,0.628411,0.471775,0.730603,0.529450,3.419774,5.527827,2.653914,2.977072,1.018031,1.944263,0.941176,1.253188,0.629464,0.797580,0.443453,0.747559,0.418258,gun_shot
4.681163,-4.611089,2.029038,-1.127213,-0.378328,-0.337195,0.513904,1.180751,0.809733,0.588530,0.912120,0.791532,0.475551,5.736136,5.690386,2.021699,2.027983,1.686016,1.214242,0.943946,1.049047,0.575053,0.678075,0.730195,0.748710,0.424288,gun_shot
5.065594,-1.091379,-0.017423,-0.312912,-0.356917,0.315399,0.597259,0.432255,1.147991,0.451957,1.125865,0.393584,0.352332,6.032958,3.658921,1.857930,1.301558,1.377002,0.775588,0.729939,0.711176,0.941463,0.492740,0.901633,0.472175,0.423990,gun_shot
6.635070,-3.005601,0.268275,-0.137184,-0.489818,0.344998,0.210066,0.516236,0.965892,0.555183,0.829146,0.408484,0.199586,7.574909,4.393613,2.455119,1.146193,1.527455,0.665850,0.973099,0.947097,1.029940,0.739312,0.785400,0.511111,0.426211,gun_shot
4.830484,-1.417599,-0.760928,0.307716,-1.035234,-0.265705,-0.500985,0.020751,0.255745,0.528640,0.479894,0.430130,0.330138,5.324855,2.965899,2.074092,0.981320,1.636766,0.775615,1.108631,0.541894,0.496278,0.403536,0.366208,0.355761,0.326054,gun_shot
2.671158,-0.910382,1.028877,0.805538,0.656183,0.456707,0.045194,-0.011924,0.294024,0.569454,0.273745,0.205057,0.349741,4.284958,2.618480,1.268117,1.402878,0.627608,0.614077,0.582243,0.641347,0.484316,0.609596,0.419016,0.441309,0.442547,gun_shot
2.789527,-0.110722,0.997638,0.959641,0.670621,0.307994,0.055419,0.150048,0.366776,0.478012,0.125895,0.031398,0.225547,4.188887,2.638004,1.024872,1.473369,0.680933,0.553301,0.502765,0.595497,0.528114,0.632670,0.395336,0.435653,0.420196,gun_shot
4.142292,-2.011062,1.006041,0.585350,0.854528,0.202434,0.040861,-0.147279,0.046133,0.106415,0.137141,0.104952,0.118175,5.431661,2.955676,1.162134,1.639789,0.942087,0.501548,0.570927,0.686674,0.540576,0.466513,0.338275,0.380202,0.330001,gun_shot
3.762010,-0.662111,1.057347,0.948313,0.810472,0.346673,0.081160,0.078629,0.275585,0.310354,0.141587,0.178191,0.211269,4.777532,2.995593,1.160727,1.646398,0.841736,0.538752,0.390056,0.636577,0.584991,0.622487,0.357427,0.389780,0.477538,gun_shot
2.457787,0.452090,1.130331,1.197594,0.852006,0.655663,0.567677,0.665690,0.810429,0.892917,0.708431,0.549412,0.719443,4.372620,2.635187,0.985167,1.398680,0.679622,0.653061,0.588521,0.610479,0.589201,0.686942,0.465803,0.530431,0.526907,gun_shot
1.394853,0.779867,0.902349,1.014716,0.729709,0.505020,0.418326,0.634697,0.778872,0.830028,0.606153,0.513818,0.688230,3.990712,2.657318,0.722007,1.403650,0.567201,0.608919,0.546507,0.578183,0.571437,0.572100,0.498224,0.555415,0.448179,gun_shot
1.591799,0.339306,0.550453,0.652936,0.463775,0.312844,0.135136,0.267415,0.320827,0.361769,0.281456,0.282360,0.415075,4.064214,2.588688,0.796260,1.316706,0.547177,0.480324,0.522655,0.515414,0.472528,0.479349,0.448987,0.464797,0.438150,gun_shot
1.684366,0.098885,0.658749,0.637141,0.442330,0.382528,0.177579,0.365452,0.478278,0.492536,0.296941,0.328440,0.467373,3.906201,2.529765,0.946886,1.335353,0.506175,0.471638,0.574824,0.478801,0.459349,0.497810,0.472344,0.449019,0.406741,gun_shot
1.631176,0.381322,0.645541,0.578476,0.494058,0.463643,0.282683,0.449340,0.413962,0.427661,0.339763,0.348690,0.475190,3.944641,2.687486,0.771371,1.340375,0.530612,0.531017,0.527480,0.481165,0.441401,0.471611,0.446929,0.440796,0.405984,gun_shot
2.621155,-0.206031,0.498507,0.502015,0.416826,0.293386,0.161349,0.380525,0.412451,0.449367,0.286212,0.289503,0.431731,4.309499,2.721324,0.809217,1.351056,0.546722,0.479811,0.572677,0.475900,0.477609,0.502402,0.441812,0.354712,0.396621,gun_shot
3.947964,-1.467227,0.250395,0.166124,0.247958,0.170650,0.154975,0.223590,0.257541,0.234477,0.273684,0.205223,0.278865,5.138704,2.680577,0.901504,1.530804,0.496082,0.444681,0.536344,0.503892,0.439655,0.435775,0.419405,0.403339,0.320995,gun_shot
2.382431,0.769761,1.326645,1.118021,0.890613,0.730579,0.494909,0.606171,0.866721,0.799639,0.697194,0.684147,0.879358,3.506189,2.609177,0.995372,1.268274,0.605538,0.610878,0.597384,0.586709,0.544987,0.552756,0.537459,0.602460,0.518682,gun_shot
2.609380,0.841209,1.114369,1.183670,0.839923,0.562228,0.417278,0.561566,0.731438,0.810991,0.652588,0.536026,0.775416,3.756805,2.651024,0.846330,1.343312,0.595075,0.593814,0.673698,0.630999,0.556252,0.658483,0.549174,0.553055,0.450982,gun_shot
2.638011,0.340310,1.176981,1.129338,0.964637,0.762700,0.439506,0.736673,0.956314,0.895595,0.711924,0.641937,0.878654,3.569593,2.493323,1.119953,1.256239,0.661489,0.608305,0.613019,0.597757,0.556752,0.568257,0.562822,0.543622,0.433189,gun_shot
1.950007,0.655733,0.864682,1.025443,0.767994,0.537312,0.344044,0.537630,0.733207,0.718763,0.462262,0.514486,0.668767,3.604770,2.695448,0.814701,1.429125,0.647298,0.600603,0.562739,0.554569,0.560403,0.555776,0.485832,0.420434,0.455604,gun_shot
0.930228,0.176814,1.050223,0.898124,0.742711,0.455359,0.422740,0.566357,0.689112,0.766746,0.502620,0.453638,0.647212,4.161108,2.470619,0.986392,1.331147,0.650493,0.662342,0.541322,0.574272,0.532431,0.574525,0.459249,0.507967,0.460942,gun_shot
2.738860,0.424373,0.716494,0.695217,0.314452,0.134889,0.321918,0.720769,0.609377,0.466235,0.238861,0.407275,0.789620,4.061070,2.615981,0.894287,1.258033,1.171209,1.062583,0.667669,0.580918,0.518968,0.592608,0.800093,0.553205,0.553222,gun_shot
1.160347,-0.103322,0.750109,0.929128,0.732040,0.520421,0.454492,0.446958,0.701864,0.740026,0.616477,0.396748,0.572046,4.501931,2.721914,0.887221,1.457028,0.675040,0.629168,0.523188,0.610005,0.618224,0.722092,0.542797,0.524412,0.514916,gun_shot
0.380683,0.747580,0.739263,0.962753,0.706427,0.542719,0.230009,0.448766,0.561380,0.579071,0.394811,0.395531,0.480928,4.124031,2.380111,0.761053,1.277573,0.580892,0.516596,0.596986,0.465669,0.443621,0.487851,0.416191,0.403840,0.412534,gun_shot
3.897727,-0.894619,0.536854,0.441234,0.536785,0.212230,-0.022456,0.083247,0.293447,0.258657,0.244536,0.241386,0.239930,5.183893,2.778383,0.838830,1.535364,0.596489,0.500907,0.587387,0.466526,0.359459,0.425041,0.330127,0.375432,0.372283,gun_shot
4.932561,-1.799702,0.428870,0.068814,0.273461,0.203596,0.100852,0.054646,0.218190,0.157539,0.255937,0.292600,0.271344,5.504974,2.886399,0.890966,1.549418,0.510575,0.565123,0.509295,0.518203,0.419606,0.436775,0.466217,0.322179,0.359838,gun_shot
5.117445,-2.089855,0.756102,-0.070671,0.264155,0.118380,0.133061,0.159809,0.200368,0.112054,0.198346,0.115726,0.257088,5.786025,2.900920,0.902447,1.635997,0.406491,0.462281,0.523416,0.507395,0.436459,0.372170,0.348110,0.329986,0.412281,gun_shot
5.254703,-2.055812,0.568429,-0.008272,0.225058,0.077968,0.239101,0.200216,0.257101,0.026366,0.272741,0.110385,0.348722,5.672343,3.060803,0.832536,1.751607,0.450188,0.554080,0.501979,0.579115,0.417827,0.552132,0.386452,0.384142,0.314495,gun_shot
4.646465,-1.370970,0.476540,0.235269,0.414026,-0.036192,0.050968,0.248426,0.378860,0.065450,0.208091,0.132766,0.290147,5.236205,2.770656,0.742127,1.638852,0.454768,0.613298,0.561405,0.547226,0.469665,0.505279,0.392798,0.377714,0.312297,gun_shot
5.001758,-1.582753,0.531198,0.113453,0.287885,0.001002,0.077489,0.177591,0.216827,0.072233,0.191884,0.193118,0.254418,5.505197,2.789784,0.827004,1.660290,0.429370,0.563778,0.557413,0.516748,0.489780,0.466908,0.387239,0.338694,0.369943,gun_shot
4.807150,-1.359786,0.423298,0.204483,0.374184,-0.011005,0.149432,0.223533,0.278422,0.161651,0.208347,0.186218,0.254586,5.346821,2.754642,0.800778,1.665003,0.445376,0.577315,0.540192,0.585637,0.429391,0.463481,0.381304,0.318534,0.302120,gun_shot
5.262281,-2.128080,0.620547,-0.117832,0.276916,0.088269,0.133525,0.108134,0.253524,0.092841,0.171206,0.119025,0.282549,5.802868,2.983043,0.826041,1.723213,0.415848,0.522757,0.549810,0.545748,0.448983,0.505078,0.385335,0.360582,0.281597,gun_shot
5.456237,-2.337530,0.689135,-0.189048,0.246330,0.152427,0.190175,0.155172,0.136934,0.097387,0.242049,0.166081,0.235587,6.079984,3.123333,0.979544,1.714169,0.438432,0.548913,0.468855,0.496200,0.418241,0.392998,0.399488,0.343083,0.318354,gun_shot
4.060228,-0.177620,1.090796,0.566121,0.487241,-0.068696,-0.078344,0.270837,0.348352,0.223485,-0.018865,-0.118161,0.228067,4.841865,2.877849,1.187013,1.357312,0.620170,0.652943,0.490357,0.528512,0.572307,0.558822,0.520666,0.577455,0.382891,gun_shot
4.334532,-0.476286,0.850498,0.424414,0.279786,-0.095690,0.007929,0.309720,0.408585,0.172538,-0.121437,-0.122882,0.287362,4.949895,2.897146,0.984130,1.577121,0.599125,0.730055,0.455212,0.619228,0.601358,0.609481,0.599795,0.573027,0.435239,gun_shot
3.508137,-0.306568,1.073220,0.775752,0.420561,-0.094360,0.140896,0.435180,0.282839,0.117403,0.160146,0.160633,0.276902,4.524560,2.772913,1.096304,1.887603,0.459379,0.637649,0.448768,0.649723,0.491161,0.602814,0.677772,0.590331,0.396760,gun_shot
2.671179,-0.628173,0.902819,1.233164,1.044802,0.172862,-0.246623,-0.150698,0.150530,0.306568,0.347018,0.337227,0.581170,3.570460,2.915437,0.949696,1.618415,0.720678,0.801174,0.960688,0.938673,0.720513,0.534599,0.416669,0.509064,0.345524,gun_shot
2.364591,-0.683111,1.247994,1.654305,1.073382,-0.047989,-0.472040,-0.010347,0.422279,0.429100,0.202026,0.284878,0.530516,3.416786,2.894740,1.066598,1.936896,0.767227,0.875135,1.158972,0.796456,0.475221,0.452164,0.469832,0.456808,0.317994,gun_shot
3.354357,-1.633052,1.256764,1.193435,0.846327,-0.148709,-0.523987,-0.083850,0.486574,0.422576,0.123851,0.052925,0.456805,4.088878,3.090986,1.339508,1.760567,0.625399,1.005256,1.121248,0.761489,0.449131,0.527502,0.496868,0.523290,0.369336,gun_shot
3.332051,-2.219786,1.153332,0.544335,0.862178,-0.143570,-0.298170,-0.187128,0.394956,0.342532,0.194115,0.083069,0.516164,3.564127,3.116259,1.155086,1.548424,0.572890,0.884561,0.999182,0.992428,0.502349,0.513033,0.499119,0.549121,0.346320,gun_shot
2.413026,-1.264707,0.927955,0.231058,0.819679,0.059456,0.036365,-0.023810,0.567662,0.197626,0.375296,0.030194,0.587847,2.688388,2.658629,1.071729,1.127105,0.522353,0.888110,0.814772,0.844958,0.416466,0.531652,0.458108,0.685566,0.338744,gun_shot
3.513330,-2.191437,-1.996244,0.078365,-0.811825,0.144831,-0.751074,0.077416,-0.467593,-0.127434,0.252809,0.075135,-0.360158,4.557518,2.900170,2.948693,1.533594,1.207485,1.047524,0.806770,0.946441,0.575129,0.531256,0.771149,0.631669,0.355171,gun_shot
4.726964,-2.906465,-0.219719,-0.366457,-0.661109,0.299570,0.267728,0.454578,-0.005532,0.111679,-0.015309,-0.169581,-0.315278,6.181471,3.922282,1.417656,0.689238,0.667945,0.947257,0.891137,1.041407,0.606648,0.634612,0.428971,0.397459,0.374513,gun_shot
4.867943,-3.541702,-0.176782,-0.369380,-0.578934,0.317607,0.229934,0.433611,0.023457,0.140731,0.029453,-0.249412,-0.452380,6.350646,4.167200,1.627397,0.708909,0.577143,1.071262,0.926234,1.105024,0.708939,0.730505,0.585437,0.472018,0.367999,gun_shot
4.867543,-0.009309,1.173029,0.531925,-0.392682,-0.192287,-0.252994,-0.132418,-0.085216,0.164688,-0.208851,-0.031159,-0.295063,5.960988,3.216743,1.720947,1.660437,0.707104,0.633647,0.466270,0.515480,0.408079,0.606266,0.409021,0.424711,0.322012,gun_shot
5.586751,-2.615531,-1.615752,-1.213363,-0.779202,-0.564042,-0.529325,-0.229454,-0.027147,0.012096,0.018434,0.110000,0.257871,5.741576,3.661669,2.547627,1.817213,1.247634,1.015838,0.959885,0.650733,0.485702,0.390148,0.391377,0.368952,0.314404,gun_shot
5.393868,-2.257611,-1.465518,-0.757995,-0.690940,-0.674873,-0.638377,-0.289492,-0.098514,-0.026875,0.050167,0.129595,0.202535,5.575475,3.265377,2.386624,1.300614,1.163750,1.052618,1.018387,0.686637,0.544708,0.399102,0.383001,0.330449,0.312367,gun_shot
4.681992,-1.046768,-1.707526,-0.844816,-0.444743,-0.411226,-0.585575,-0.275018,-0.124837,-0.053328,0.051960,0.151946,0.198746,4.962622,2.823707,2.469451,1.314126,0.908804,0.828218,0.932205,0.647142,0.555633,0.453605,0.374129,0.341687,0.322987,gun_shot
4.708830,-2.222293,-0.648924,-1.069865,-0.307185,-0.261869,-0.115040,0.011543,0.291460,0.379281,0.378705,0.445729,0.446903,4.631240,3.657776,1.477428,1.782954,0.975169,0.880769,0.731377,0.636063,0.453210,0.407915,0.388555,0.348804,0.314487,gun_shot
4.265338,-2.016362,-0.539809,-0.905752,-0.496086,-0.625304,-0.400133,-0.180434,0.106991,0.260503,0.232358,0.312546,0.345934,4.453588,3.524930,1.285742,1.372056,1.001802,1.088673,0.865581,0.634648,0.512924,0.344866,0.349424,0.294758,0.327124,gun_shot
3.719304,-1.665152,-0.702579,-0.954915,-0.420152,-0.456660,-0.435673,-0.206038,-0.007760,0.187910,0.219875,0.323846,0.322886,4.141108,3.286673,1.369666,1.407485,0.974868,0.926197,0.879792,0.676925,0.511302,0.387272,0.347527,0.302751,0.320040,gun_shot
5.818874,-3.686639,-2.831817,-1.983102,-1.287879,-1.474805,-1.163957,-0.752653,-0.619191,-0.349157,-0.442196,-0.232955,-0.098488,6.246224,4.356976,3.137858,2.208802,1.352421,1.484420,1.174895,0.786613,0.664607,0.484049,0.483800,0.374981,0.325399,gun_shot
5.783876,-3.468326,-2.623922,-1.503026,-1.203377,-1.596131,-1.320147,-0.815827,-0.755655,-0.366287,-0.421073,-0.237798,-0.111728,6.095299,4.188263,2.892665,1.627559,1.259923,1.560678,1.286236,0.840500,0.788456,0.493240,0.486847,0.371750,0.339917,gun_shot
4.840482,-1.907237,-2.690444,-1.565018,-0.950790,-1.108351,-1.165476,-0.785737,-0.661691,-0.417048,-0.399005,-0.227587,-0.117973,5.461596,3.389565,2.878516,1.628800,0.985821,1.144447,1.146867,0.814049,0.676175,0.496243,0.444220,0.357958,0.299616,gun_shot
3.596458,-2.563814,-1.174395,-0.815870,-0.546846,-0.239396,-0.359313,-0.141467,0.052761,0.117786,0.273431,0.325638,0.390653,3.691031,3.543787,2.222115,1.451547,1.173036,0.789636,0.913439,0.700623,0.506139,0.482224,0.386090,0.368098,0.336429,gun_shot
3.542184,-2.175849,-1.412929,-0.889553,-0.303066,-0.026342,-0.277428,-0.140979,0.018856,0.068330,0.214859,0.196008,0.329311,3.610936,3.386725,2.301625,1.453652,0.940041,0.605504,0.815317,0.638146,0.456634,0.430532,0.358853,0.346337,0.392893,gun_shot
3.444166,-2.404968,-1.150210,-0.780817,-0.479711,-0.197145,-0.272480,-0.132353,-0.059335,0.008334,0.190200,0.229035,0.359349,3.518997,3.427853,2.147877,1.448811,1.091193,0.736513,0.808889,0.646743,0.574917,0.515554,0.395980,0.385729,0.332690,gun_shot
3.494292,-2.239416,-1.001432,-0.725762,-0.578653,-0.320240,-0.414600,-0.124866,0.000273,0.001650,0.134603,0.179863,0.273152,3.686661,3.233913,1.974759,1.292405,1.126379,0.790038,0.888089,0.578795,0.480462,0.479669,0.404038,0.363690,0.329823,gun_shot
2.682447,-1.555320,-1.241293,-1.605713,-0.393441,-0.890297,-0.784659,-0.567451,-0.364244,-0.190314,-0.034738,0.177283,0.182169,3.023723,2.745925,1.695780,1.948118,0.730587,1.163508,1.077526,0.833897,0.653987,0.498525,0.378713,0.300076,0.304593,gun_shot
2.680006,-2.078136,-1.713072,-1.893092,-0.548243,-0.868196,-0.690133,-0.646851,-0.420497,-0.138454,-0.052949,0.094909,0.172889,3.155726,3.188864,2.216193,2.239138,0.881963,1.161084,0.979907,0.912623,0.716696,0.487502,0.395966,0.297373,0.331596,gun_shot
2.276451,-1.408680,-1.147260,-1.543057,-0.448498,-0.882062,-0.731607,-0.710561,-0.442370,-0.193299,-0.019388,0.164314,0.202280,2.898184,2.604315,1.741988,1.878596,0.785523,1.192920,1.068893,1.001660,0.757021,0.504605,0.374457,0.309783,0.334165,gun_shot
2.296784,-1.290252,-1.036054,-1.423755,-0.407615,-0.863951,-0.811006,-0.652823,-0.362273,-0.116016,-0.051282,0.089597,0.128973,3.023485,2.512370,1.522291,1.664310,0.752355,1.114335,1.060383,0.863429,0.585046,0.386088,0.347050,0.307644,0.309039,gun_shot
2.769162,0.215417,0.892721,0.407797,0.803846,0.603017,0.626167,0.676434,0.813358,0.949404,0.931924,1.031178,0.915683,2.447827,2.055007,0.802434,0.947093,0.642078,0.537495,0.523321,0.471586,0.359021,0.351616,0.320621,0.351214,0.309397,gun_shot
2.334592,-0.267302,0.504663,0.102447,0.805232,0.631941,0.699986,0.629165,0.727503,0.907446,0.849956,0.909559,0.860200,2.334067,2.340312,1.117726,1.163813,0.745767,0.597258,0.532267,0.524047,0.412715,0.370559,0.339084,0.329459,0.341108,gun_shot
2.311543,0.061780,0.816626,0.295080,0.745705,0.534925,0.628776,0.594401,0.713210,0.928690,0.894387,0.922392,0.841655,2.283549,2.072437,0.923926,0.988095,0.688903,0.573535,0.489917,0.474944,0.380269,0.396566,0.325078,0.359645,0.321945,gun_shot
1.980627,0.518627,1.250002,0.642816,0.911734,0.673190,0.705915,0.753818,0.859109,1.010287,0.921509,0.915827,0.793587,2.386049,1.846601,0.916033,0.720756,0.715440,0.473554,0.459289,0.407369,0.331000,0.393081,0.319959,0.337554,0.337051,gun_shot
4.698099,-1.581405,-1.150107,0.083225,-0.834099,0.202266,-0.139600,-0.096927,0.079656,0.412949,0.297295,0.260005,0.370069,4.734506,3.269134,2.272530,1.004479,1.416990,0.482902,0.756721,0.612717,0.457449,0.408549,0.341540,0.395521,0.300308,gun_shot
4.961293,-1.143892,-1.586918,-0.057564,-0.637477,-0.083792,-0.335605,0.140592,0.084992,0.164040,0.264138,0.463450,0.446986,4.948854,3.135857,2.663442,1.062520,1.318451,0.732524,0.941039,0.549546,0.524184,0.485128,0.371048,0.390529,0.314804,gun_shot
4.523557,-0.553032,-1.223312,0.222233,-0.437928,0.168053,-0.189398,0.229839,0.218660,0.290508,0.325770,0.451699,0.452692,4.505621,3.281797,2.241257,0.977360,1.176657,0.564386,0.833259,0.532170,0.471996,0.445702,0.385619,0.373821,0.326899,gun_shot
0.969749,-0.943935,0.843911,0.100494,1.332510,0.564015,0.572563,0.555533,0.558907,0.708098,0.631100,0.658960,0.594009,2.053795,2.123878,0.848753,0.742888,0.990472,0.382283,0.376519,0.514037,0.398003,0.402624,0.356993,0.382003,0.321614,gun_shot
0.928739,-0.955502,0.651032,-0.204859,1.131092,0.281709,0.505373,0.358675,0.363782,0.394955,0.465431,0.466934,0.479604,2.255666,2.063858,0.781582,0.843344,0.863148,0.456330,0.462432,0.436866,0.405668,0.354762,0.361642,0.351365,0.349211,gun_shot
0.903360,-1.057967,0.753991,0.007520,1.315916,0.351119,0.556901,0.491434,0.520684,0.492457,0.492622,0.480259,0.521645,1.880043,2.261214,0.837090,0.740311,0.973411,0.526734,0.438366,0.418109,0.381652,0.356823,0.367709,0.411815,0.366914,gun_shot
3.171375,-0.947810,-0.260022,-0.293727,-0.023240,-0.059892,-0.007266,0.090868,0.327740,0.612208,0.598901,0.682876,0.661883,3.253565,2.905503,1.321298,1.108475,0.909240,0.892971,0.811199,0.719949,0.495604,0.396309,0.399108,0.320541,0.342526,gun_shot
2.560491,-0.135575,0.048921,-0.211832,0.025173,-0.044144,0.087083,0.231072,0.388131,0.561669,0.576760,0.669649,0.617121,3.146454,2.369892,1.307446,1.073716,0.860989,0.872204,0.777789,0.631819,0.504582,0.424664,0.387968,0.357249,0.347700,gun_shot
3.409072,0.562516,0.686692,0.690146,0.736562,0.673256,0.568436,0.762532,0.828899,1.028755,0.858249,0.903551,0.794798,3.257592,2.488317,1.062078,0.699977,0.677964,0.601719,0.562220,0.442915,0.388286,0.458850,0.336333,0.334990,0.312305,gun_shot
7.029606,0.151434,0.137665,-0.111950,-0.970135,-0.466160,-0.617758,-0.604635,-0.417941,-0.113280,-0.330293,-0.099959,-0.141594,7.712076,3.177530,0.961721,1.054704,1.183375,0.646094,0.661875,0.615381,0.477825,0.343148,0.419116,0.390001,0.344976,gun_shot
6.636643,-2.303725,-2.076404,0.085665,-0.907731,0.292657,0.633056,-0.144198,0.397047,0.838973,0.320425,0.367060,0.449845,6.700348,2.981354,2.926904,0.738183,1.485513,0.759678,0.563553,0.807845,0.541207,0.617019,0.487332,0.363975,0.471730,gun_shot
5.985585,1.104972,0.544754,-1.383714,-0.790142,-0.811558,-0.161212,-0.040525,-0.207639,-0.075061,-0.271830,-0.130047,-0.168004,7.432179,2.729607,1.521806,1.546770,1.151541,0.842552,0.467941,0.410253,0.453538,0.374111,0.369427,0.311015,0.346207,gun_shot
0.877345,0.797395,-0.207358,-0.196989,-0.065713,0.779037,0.819603,1.092128,1.327593,1.615057,1.321177,1.214649,0.884101,2.658367,1.556045,1.539492,1.321595,1.101640,0.478930,0.335565,0.485061,0.641613,0.915251,0.677995,0.547857,0.380837,gun_shot
0.262635,0.952728,-0.197206,-0.160516,-0.138498,0.655343,0.738574,1.066832,1.268788,1.584877,1.294197,1.184576,0.870003,2.769439,1.612530,1.515355,1.295615,1.140174,0.492022,0.367479,0.449516,0.545730,0.849060,0.628225,0.519443,0.326520,gun_shot
1.347026,0.436164,-0.285136,-0.437484,-0.349660,0.540157,0.585807,0.951448,1.215402,1.556483,1.336813,1.204980,0.821996,2.584866,1.609360,1.638558,1.482839,1.292900,0.508213,0.492384,0.493275,0.572446,0.914542,0.683153,0.551223,0.363766,gun_shot
-0.069999,0.560597,-0.643347,-0.658562,-0.686989,0.118161,0.267504,0.687914,0.956021,1.213842,0.975352,0.880667,0.580759,2.620787,1.733504,1.587944,1.559935,1.380624,0.633393,0.471376,0.485856,0.538291,0.780199,0.561643,0.503047,0.397992,gun_shot
1.656008,0.813369,-0.130812,-0.241932,-0.167461,0.718579,0.803559,1.170728,1.411131,1.747790,1.416876,1.309835,0.965961,2.393790,1.535751,1.573593,1.377914,1.232972,0.485704,0.408815,0.481642,0.596551,0.918528,0.634673,0.555015,0.371005,gun_shot
0.310379,1.419783,0.179157,0.179887,0.100889,0.864546,0.874900,1.235233,1.398272,1.695481,1.343215,1.224114,0.893540,2.801633,1.549151,1.207726,0.983040,0.915128,0.431813,0.352567,0.526977,0.642649,0.927317,0.648871,0.557594,0.377115,gun_shot
0.454977,1.689578,0.275939,0.333915,0.200014,0.974820,0.990056,1.373628,1.505559,1.788323,1.362179,1.238674,0.907547,2.753890,1.535005,1.100433,0.826182,0.822434,0.419353,0.378426,0.603650,0.702817,0.999730,0.626689,0.503413,0.368218,gun_shot
0.053173,1.188021,0.001999,-0.018426,-0.014547,0.759883,0.805302,1.187638,1.359784,1.625428,1.355064,1.214630,0.876672,2.918623,1.500014,1.311439,1.136905,1.020315,0.408350,0.347437,0.534274,0.634385,0.904922,0.671639,0.551155,0.374960,gun_shot
0.550578,0.930724,-0.185739,-0.166194,-0.152810,0.636304,0.685713,1.056805,1.346647,1.684321,1.386644,1.198235,0.847525,2.611803,1.607935,1.479188,1.211410,1.119861,0.488346,0.425610,0.485626,0.617149,0.960218,0.682566,0.520387,0.327742,gun_shot
-0.114597,1.616933,0.366014,0.151269,-0.086945,0.792589,0.856678,1.182556,1.395312,1.666360,1.304950,1.176321,0.847063,2.910159,1.551742,1.099298,0.981130,1.064551,0.426009,0.386009,0.569513,0.728146,0.973250,0.666891,0.526593,0.347370,gun_shot
0.427268,1.592122,0.272089,0.067590,-0.004084,0.888722,0.942186,1.337836,1.490819,1.763792,1.429170,1.257477,0.960481,2.619772,1.527733,1.240466,1.141563,1.083995,0.398591,0.362616,0.548577,0.660178,0.938025,0.632307,0.452723,0.323982,gun_shot
0.289170,1.016342,-0.170759,-0.453891,-0.544644,0.395393,0.577890,0.905759,1.169586,1.530806,1.206322,0.998480,0.699575,2.379616,1.659885,1.436115,1.377659,1.388020,0.603178,0.426371,0.559801,0.631162,0.958597,0.655241,0.493788,0.377184,gun_shot
0.085061,1.555407,0.271078,0.060740,0.026499,0.826431,0.908379,1.276252,1.372160,1.649259,1.342535,1.212404,0.895697,2.902242,1.421734,1.192131,1.137236,0.966763,0.401399,0.382137,0.605665,0.664948,0.912813,0.668331,0.515961,0.357599,gun_shot
-0.922655,-0.077325,-1.343103,-1.167835,-1.145228,-0.277590,-0.232489,0.134544,0.335254,0.631393,0.399348,0.329296,0.092109,2.956766,1.669875,1.970903,1.588069,1.474863,0.657036,0.598190,0.404612,0.461630,0.651934,0.464475,0.398811,0.313055,gun_shot
-0.843881,-0.086063,-1.387319,-1.255348,-1.224618,-0.384853,-0.288109,0.117862,0.327516,0.685878,0.471551,0.381420,0.104794,2.829359,1.712715,1.954618,1.623080,1.525357,0.677665,0.625543,0.412941,0.426533,0.687029,0.521460,0.433210,0.321263,gun_shot
-1.522835,0.304151,-1.144597,-1.012219,-1.121955,-0.328979,-0.271598,0.160916,0.338733,0.723531,0.504050,0.399043,0.101893,3.190562,1.602260,1.699691,1.499840,1.437158,0.630871,0.623682,0.451274,0.427563,0.722453,0.504982,0.418217,0.324523,gun_shot
-1.880769,0.362786,-1.188756,-1.048877,-1.284433,-0.516492,-0.382908,0.111064,0.329195,0.642975,0.427125,0.348970,0.103534,3.239773,1.672733,1.707988,1.557264,1.560922,0.790045,0.677898,0.478983,0.428926,0.654891,0.489006,0.435537,0.362835,gun_shot
-1.671522,0.273714,-1.154310,-1.008814,-1.162298,-0.380196,-0.310629,0.167749,0.330248,0.668023,0.422442,0.350890,0.109622,3.335319,1.511465,1.777619,1.486633,1.505558,0.717904,0.662252,0.473056,0.457902,0.660327,0.453117,0.397463,0.309835,gun_shot
-1.320547,0.124006,-1.225821,-1.121775,-1.177397,-0.394999,-0.299105,0.138558,0.326412,0.651315,0.384526,0.292902,0.071444,3.113036,1.577237,1.857596,1.501268,1.480995,0.659921,0.643644,0.401207,0.477319,0.679858,0.462911,0.378464,0.331254,gun_shot
-1.388213,0.350713,-1.152847,-1.014843,-1.159293,-0.351826,-0.244233,0.242987,0.409464,0.740545,0.404381,0.334437,0.100207,3.173721,1.451401,1.815871,1.437347,1.475341,0.650519,0.614863,0.464175,0.489733,0.731360,0.457452,0.429894,0.349775,gun_shot
-1.925793,0.258441,-1.180029,-1.024716,-1.148149,-0.440393,-0.340398,0.139128,0.285290,0.581736,0.351979,0.265710,0.024082,3.393568,1.553297,1.721653,1.419929,1.410198,0.662819,0.604240,0.436002,0.458486,0.668047,0.494750,0.419888,0.355989,gun_shot
-1.649201,0.410256,-1.063216,-0.871964,-1.051902,-0.316176,-0.237349,0.241745,0.443739,0.792502,0.532540,0.415735,0.149036,3.195893,1.640691,1.671156,1.380598,1.395868,0.666359,0.632585,0.476111,0.469963,0.741378,0.527230,0.414319,0.332155,gun_shot
-1.659102,0.535996,-0.893853,-0.968494,-1.197929,-0.297828,-0.175590,0.251168,0.475271,0.794573,0.480139,0.379185,0.118882,3.128760,1.488845,1.613165,1.482796,1.569332,0.627954,0.599103,0.492907,0.540220,0.760546,0.485582,0.414917,0.360751,gun_shot
-1.373856,0.452496,-0.987554,-1.019765,-1.100265,-0.243365,-0.148639,0.301691,0.482199,0.792220,0.524112,0.399106,0.199056,3.129404,1.456709,1.762569,1.587683,1.536953,0.630230,0.629030,0.426883,0.482264,0.696565,0.461190,0.354846,0.329888,gun_shot
-1.445625,0.431898,-1.020395,-1.041412,-1.257833,-0.355667,-0.203877,0.236631,0.426236,0.763278,0.488851,0.353598,0.116864,2.988201,1.660304,1.604924,1.547783,1.609460,0.688053,0.614674,0.533029,0.477279,0.744870,0.520735,0.397107,0.331472,gun_shot
-1.606459,0.296345,-1.090077,-1.098343,-1.081303,-0.275983,-0.148369,0.281961,0.403068,0.689265,0.447852,0.364014,0.146389,3.334870,1.278376,1.773200,1.639313,1.490528,0.658280,0.602852,0.447092,0.460770,0.640337,0.434519,0.366695,0.327817,gun_shot
0.035155,-2.196593,-0.889088,1.290206,0.122571,2.010014,0.904698,1.267292,0.742385,1.022860,0.343286,0.367490,0.217823,2.051286,3.967721,2.312567,1.229109,0.816286,1.964571,0.824059,1.191268,0.681554,0.929295,0.428492,0.347408,0.334449,gun_shot
0.000921,-2.479788,-0.810085,1.335062,0.159275,2.001584,0.856482,1.248081,0.718690,1.033636,0.295910,0.370008,0.271714,1.999180,4.111357,2.300779,1.183122,0.853764,1.885189,0.764949,1.141773,0.658740,0.887679,0.449286,0.322365,0.340171,gun_shot
-1.070084,-4.672405,1.025380,0.946908,0.586973,1.786761,0.940961,0.914810,0.605207,0.795471,0.274617,0.314119,0.256840,2.468567,5.547276,1.715158,0.840477,0.940177,1.849046,0.896921,0.958784,0.590892,0.711025,0.507895,0.416045,0.399397,gun_shot
-0.476203,-5.163388,0.390995,0.544382,0.265507,1.514277,0.786943,0.776125,0.683890,0.698257,0.127325,0.247291,0.116114,3.112913,5.709349,1.932474,0.672099,1.060679,1.636885,0.811665,1.030631,0.751015,0.770619,0.455187,0.372703,0.446532,gun_shot
-0.769220,-5.021041,0.885566,0.576228,0.606302,1.585603,0.794594,0.764685,0.544384,0.679110,0.079301,0.292051,0.099933,2.562274,5.564076,1.786098,0.698784,1.036754,1.757821,0.870905,0.983244,0.630129,0.746613,0.504671,0.437649,0.435298,gun_shot
-0.229306,-5.174302,0.014545,0.525682,0.111757,1.592226,0.675216,0.789154,0.594440,0.696108,-0.009332,0.188718,0.032471,2.628981,5.545955,1.768090,0.805624,0.923356,1.907943,0.766313,1.086808,0.713454,0.847435,0.411364,0.368561,0.383119,gun_shot
7.558054,-4.217700,-0.324406,-0.817341,-0.425099,0.438369,-0.866509,0.929676,-0.790936,0.578294,-0.096532,-0.063743,0.126186,7.851058,4.854662,1.960402,1.110459,0.738414,0.700113,1.254437,1.072087,1.132685,0.672700,0.424514,0.418713,0.349923,gun_shot
1.273592,0.390452,-1.329415,-0.291973,0.135573,0.305241,0.358328,0.455496,0.095301,0.016789,-0.165220,-0.101431,-0.157159,2.042436,0.974427,1.425565,0.540031,0.524371,0.595291,0.664353,0.820256,0.427224,0.361371,0.297620,0.251726,0.250726,gun_shot
1.073181,0.640916,-1.276968,-0.400557,0.031352,0.207518,0.294482,0.295823,-0.136833,-0.040382,0.048120,0.077764,-0.033449,1.561560,0.988630,1.463178,0.633424,0.340258,0.421448,0.527848,0.625762,0.444882,0.298010,0.353373,0.289145,0.245712,gun_shot
3.053849,-0.832429,-0.324860,0.263071,-0.383863,0.203181,-0.159902,0.653928,-0.025086,-0.022786,0.387335,-0.285668,-0.453339,3.905778,0.796035,1.004496,0.846369,0.475964,0.795110,0.613049,1.227021,0.642323,0.618209,0.925410,0.403070,0.382012,gun_shot
3.314588,1.730842,2.303086,0.884214,-1.611113,-0.024123,0.004475,0.031629,0.273001,0.100961,-0.103255,0.331122,-0.109634,4.005341,2.014192,2.544117,1.296160,1.712697,0.409152,0.483281,0.477860,0.571904,0.461362,0.370127,0.614394,0.346598,gun_shot
2.796401,0.953100,1.431332,0.815085,-1.823488,-0.167623,0.162218,-0.730739,-0.530986,0.115698,-0.510157,-0.112134,-0.078037,3.691752,1.485122,1.738047,1.057939,2.001274,0.767975,0.562959,0.861389,0.621332,0.431929,0.682174,0.392987,0.279896,gun_shot
3.383866,0.898375,2.576852,1.190133,-1.779615,-0.470308,-0.043312,-0.402225,-0.544454,-0.123758,-0.619623,-0.631909,-0.338476,4.152424,1.946445,3.114877,1.736898,1.718293,0.597069,0.773174,0.544685,0.591516,0.556673,0.548038,0.602669,0.418610,gun_shot
4.460662,1.351861,-1.684726,-1.062023,-0.810102,0.088411,-0.146235,-0.191186,-0.126712,-0.082542,-0.622494,-0.057302,-0.082397,4.935034,1.600331,2.048806,1.125148,0.856663,0.568067,0.404708,0.516888,0.438232,0.396180,0.681244,0.445389,0.394086,gun_shot
4.525527,1.608901,-1.815263,-1.026589,-0.388351,-0.013785,-0.289587,-0.098401,-0.388077,-0.298990,-0.513345,-0.230379,-0.235931,5.086144,2.048346,1.981073,1.006735,0.366701,0.434524,0.391879,0.407815,0.396691,0.406449,0.530467,0.412652,0.341662,gun_shot
5.690906,-1.470471,-1.184711,-0.563691,-1.003436,-0.230691,-0.452119,-0.212729,-0.339310,-0.047559,-0.385930,-0.284103,-0.481693,6.358160,2.441265,1.802276,0.528566,0.926355,0.584133,0.517006,0.576047,0.477466,0.531807,0.426844,0.455398,0.341574,gun_shot
5.513130,-1.998869,-0.966183,-0.732093,-1.234688,0.137692,-0.386433,-0.245936,-0.094165,-0.172319,-0.634551,-0.056342,-0.329503,6.012826,2.787518,1.770347,0.678022,1.161364,0.756345,0.476616,0.582672,0.658493,0.402305,0.574511,0.597543,0.376406,gun_shot
5.568385,-2.529783,-1.111379,-0.872682,-0.876030,-0.376950,-0.758812,-0.346427,-0.360290,-0.353759,-0.251266,-0.098788,-0.402719,6.213605,3.078598,1.237790,0.827874,0.776403,0.485971,0.583632,0.452046,0.427540,0.415000,0.423015,0.473387,0.328316,gun_shot
5.057042,-2.681099,-1.388079,-0.841975,-0.665413,-0.300487,-0.450167,-0.045977,-0.173239,-0.264828,-0.197661,-0.253971,-0.555891,5.874867,2.862396,1.306428,0.581559,0.658209,0.541307,0.485913,0.724375,0.571797,0.494082,0.544854,0.471985,0.369404,gun_shot
7.180434,-3.771318,0.825357,0.055448,-0.588539,1.056200,0.301411,0.330601,0.303200,0.310940,-0.584312,0.120976,0.026235,7.585764,4.703578,1.412903,0.586872,0.949125,1.159286,0.845303,0.631341,0.601859,0.677306,0.747420,0.571531,0.426645,gun_shot
7.150781,-3.581489,1.482413,0.382484,-0.715835,0.825942,0.018937,0.042606,-0.015265,0.128345,-0.629114,-0.016174,0.075285,7.442890,4.491052,1.775655,0.661972,1.085180,0.919576,0.905501,0.626337,0.618579,0.502236,0.791279,0.456124,0.318738,gun_shot
6.827566,-3.603363,1.253797,0.408684,-0.593533,0.964633,0.164336,0.123294,0.021753,0.149962,-0.444876,0.169792,0.125101,7.088844,4.441276,1.482078,0.667326,1.020946,0.979771,0.978429,0.533044,0.508755,0.610605,0.727889,0.512983,0.318087,gun_shot
6.114675,-3.438363,1.591752,0.281253,-0.538017,1.056645,0.101562,0.346393,0.188893,0.104183,-0.440435,0.368785,0.402864,6.226184,4.764470,1.900447,0.554817,1.180954,0.856718,0.980644,0.792227,0.666210,0.626076,0.975367,0.612247,0.433738,gun_shot
7.086382,-3.964440,0.646001,0.022419,-0.738473,0.905740,-0.006801,0.037305,0.015324,0.127179,-0.434458,0.228724,0.334083,7.199245,5.051238,1.309772,0.647176,1.362338,0.761748,0.902989,0.663316,0.641378,0.631766,0.913101,0.635037,0.452529,gun_shot
7.184977,-3.842637,1.224358,-0.035423,-0.671280,0.984905,-0.292259,0.034081,0.052181,-0.032646,-0.492496,0.191912,0.211669,7.469530,4.658167,1.506569,0.607553,1.069410,0.920773,0.794539,0.641378,0.787928,0.818426,0.903605,0.667775,0.342226,gun_shot
3.885004,-7.071889,-3.171572,-0.903552,-3.360368,-1.473684,-1.703370,-0.733521,0.512908,0.199291,-0.007038,0.114997,-0.469711,6.942171,7.458798,3.410195,1.065424,3.355225,1.598258,1.499486,1.189577,1.217889,1.506328,0.757519,0.790177,0.640047,gun_shot
6.672054,-8.807262,-1.950399,-1.694840,-4.362307,-0.695920,-1.998527,-1.381504,0.205645,-0.722929,-0.301440,0.218137,-0.765874,7.886175,8.297609,1.854614,1.138143,3.719680,0.743360,1.413995,0.835809,1.105812,0.868670,0.722012,1.146564,0.644594,gun_shot
4.122119,-2.674437,-1.989171,-1.548826,-1.058793,-0.798265,0.192060,0.670166,-0.000200,-0.219637,0.351358,0.138369,-0.341073,4.684181,2.817498,1.818993,1.405972,0.910858,0.594643,0.646646,1.074439,0.478683,0.406603,0.760615,0.558160,0.295888,gun_shot
4.498953,2.726825,1.815596,-0.740452,0.212077,-0.776747,0.128354,-0.248206,0.578823,0.201936,0.626401,0.207748,0.310185,5.234246,3.257207,1.917528,1.315822,0.700300,1.216129,0.651311,0.762967,0.568874,0.381262,0.488829,0.345175,0.355138,gun_shot
6.211722,-9.810090,0.486172,0.120900,-1.746275,1.834892,-1.542584,-0.551041,0.669860,-0.901813,0.240595,0.050308,-0.769655,7.428162,9.438674,1.905882,1.273227,1.238734,2.727364,0.961166,0.589266,1.499425,0.488747,1.113066,0.919413,0.422029,gun_shot
6.602893,-9.336543,-0.074317,0.032234,-1.611729,1.860583,-1.557706,-0.707983,0.740869,-0.902179,0.054501,0.033118,-0.805118,7.875714,8.933832,1.423202,1.347737,1.047430,2.814786,0.948958,0.512191,1.606607,0.492499,0.975947,0.911503,0.363407,gun_shot
6.437697,-9.458822,1.003565,-0.077177,-1.754441,2.050018,-1.746378,-0.464946,0.710731,-1.091573,0.348783,0.060957,-0.699721,7.527942,9.069534,2.088763,1.117139,1.235870,2.845130,1.210951,0.575294,1.464382,0.606530,1.141842,0.852702,0.319710,gun_shot
6.602064,-9.396575,0.303523,0.184076,-1.683836,1.774171,-1.658507,-0.527380,0.688101,-1.012289,0.249904,0.064145,-0.865647,7.834424,8.903864,1.814060,1.348859,1.049226,2.733084,1.001629,0.646056,1.610822,0.447983,1.205175,0.992395,0.427109,gun_shot
6.145436,-9.984891,1.236643,-0.084468,-1.709376,1.961489,-1.701251,-0.407830,0.663021,-0.945139,0.320245,-0.077897,-0.707689,7.273360,9.536979,2.786241,1.276647,1.190892,2.816569,1.135257,0.721182,1.440479,0.474308,1.175388,0.761002,0.354221,gun_shot
6.100490,-9.662331,1.113533,0.109563,-1.885143,1.880559,-1.694723,-0.567348,0.658250,-1.126607,0.284707,0.052635,-0.822508,7.293031,9.135597,2.681367,1.294255,1.288227,2.864851,1.057599,0.688914,1.560249,0.542310,1.250150,0.947858,0.347164,gun_shot
6.772783,-9.238483,0.517047,-0.031363,-1.808451,1.747686,-1.616625,-0.598401,0.637220,-0.927261,0.169809,0.027274,-0.815810,7.956759,8.686210,2.280287,1.235678,1.183396,2.753346,0.975700,0.592901,1.524881,0.429435,1.117006,0.926552,0.350743,gun_shot
6.391099,-9.669254,0.864694,-0.127706,-1.917508,1.861540,-1.783131,-0.708958,0.616189,-0.966465,0.266480,0.035456,-0.701854,7.487178,9.238770,2.167736,1.083144,1.404849,2.719142,1.275056,0.440218,1.375616,0.564821,1.076050,0.819695,0.370910,gun_shot
4.809791,-1.668329,-1.553573,-0.876214,-0.173919,-0.199933,-0.247880,-0.224837,-0.226310,0.131531,0.280365,0.158925,-0.063322,5.575613,2.866537,2.164211,1.013639,0.643111,0.545812,0.473458,0.550894,0.424967,0.459336,0.499987,0.456154,0.338003,gun_shot
2.788241,-3.906833,2.237835,-2.493821,0.466288,-1.191085,-0.001708,-0.972857,0.465716,-0.712142,0.312479,-0.398146,0.114089,3.387291,4.282706,2.316321,2.758520,0.731758,1.473903,0.688012,1.229726,0.594409,0.939340,0.432171,0.705921,0.348797,gun_shot
2.314704,-3.665449,2.079722,-2.424210,0.360668,-1.152594,-0.035241,-1.005005,0.516065,-0.771137,0.391542,-0.513391,0.235580,3.028562,4.144212,2.021141,2.800119,0.537572,1.558898,0.611291,1.391713,0.513513,1.106592,0.485963,0.893088,0.399597,gun_shot
7.808635,-1.117960,0.134832,-0.405571,-1.166783,-0.632933,-0.701848,-0.702668,-0.464183,-0.107871,-0.404395,-0.219834,-0.211622,8.524143,3.011577,1.149460,1.155447,1.262538,0.716701,0.670704,0.627924,0.445864,0.353325,0.391895,0.341566,0.325724,gun_shot
2.468330,-0.049926,-0.323555,-1.235358,0.247931,0.104884,0.498328,0.307329,0.255734,0.082507,0.115687,0.070248,0.054754,3.114789,2.502516,1.175086,1.431647,0.563109,0.611379,0.612632,0.483254,0.440388,0.363813,0.349344,0.357082,0.331739,gun_shot
2.242795,-0.231509,0.051412,-1.117929,0.136404,0.037330,0.688727,0.378644,0.476017,0.325963,0.239265,0.101426,-0.208821,3.427282,2.147526,1.394608,1.093316,0.768980,0.580960,1.046515,0.712033,0.801133,0.666032,0.597828,0.516635,0.333501,gun_shot
1.164141,0.796589,0.084276,-1.163114,0.257713,0.030026,0.716106,0.259373,0.705136,0.335829,0.338671,0.072173,0.060554,1.936935,2.670047,1.146707,1.394679,0.638288,0.511896,0.804149,0.454972,0.791917,0.461302,0.480424,0.322277,0.315338,gun_shot
-2.227924,-4.023970,-0.729997,-1.718860,0.851638,-0.023524,0.771849,0.040801,0.779530,0.460796,0.466057,0.041596,0.397744,3.996957,4.724975,1.433697,2.297460,0.769119,1.005578,0.585189,0.623099,0.516369,0.497947,0.385975,0.534642,0.353645,gun_shot
-0.160174,-2.587014,-1.422241,-1.328348,0.506083,0.663166,0.819340,0.458566,0.700168,0.792542,0.624663,0.196925,0.170260,2.913013,4.141734,1.965171,1.895190,0.672416,1.077674,0.751868,0.699018,0.661115,0.802997,0.561018,0.391401,0.346928,gun_shot
2.116225,-1.264427,-0.221240,-0.468625,0.709592,0.386684,0.675674,0.826409,0.930213,0.751038,0.860297,0.729531,0.409597,3.583296,3.705533,1.263615,1.321269,0.596836,0.943188,0.507635,0.774657,0.626129,0.574296,0.558144,0.493749,0.302204,gun_shot
-0.507863,-1.487839,2.048845,-1.241688,0.685510,-0.415797,0.819968,0.030127,0.716289,0.030759,0.382483,-0.089650,0.023944,1.880643,1.956997,2.183988,1.448892,0.780017,0.712029,0.935063,0.414216,0.880101,0.392760,0.554130,0.410229,0.397501,gun_shot
0.901157,-1.483972,1.752776,-1.349407,0.616197,-0.455875,0.865084,0.112432,0.623732,0.070946,0.318669,-0.026755,0.023621,2.168011,2.012065,1.965687,1.520327,0.845361,0.758479,1.014648,0.459113,0.790198,0.401830,0.499503,0.420066,0.407856,gun_shot
-0.005055,-1.791330,1.938054,-1.278384,0.663861,-0.432849,0.841498,0.071553,0.703589,0.079349,0.319684,0.044236,0.086286,2.281389,2.276856,2.082377,1.528826,0.778761,0.792128,0.950733,0.391151,0.790261,0.374332,0.485671,0.412595,0.363186,gun_shot
0.680229,-1.915222,1.616714,-1.263365,0.319258,-0.400687,0.622487,0.087295,0.603588,0.128269,0.255068,-0.024652,-0.037713,2.847173,2.306442,2.024174,1.453917,0.799543,0.702881,0.924991,0.441137,0.790054,0.394003,0.543336,0.370502,0.390086,gun_shot
1.193337,-1.972992,1.264742,-1.277846,0.233351,-0.476937,0.447436,0.020725,0.536258,0.100050,0.245013,-0.088777,-0.124870,3.036345,2.321218,1.905418,1.367599,0.847077,0.702731,0.829127,0.447918,0.818012,0.425696,0.546501,0.362958,0.328937,gun_shot
1.556895,-0.248684,0.365645,-1.200100,-0.067788,-0.306575,0.256721,0.068089,0.415161,0.174214,0.102731,-0.059869,-0.106043,2.938004,2.651779,1.716864,1.276289,0.794129,0.609930,0.729534,0.444586,0.702802,0.437947,0.442669,0.322804,0.325875,gun_shot
2.643334,1.229264,-0.208334,-0.711045,-0.174145,-0.125275,0.153606,0.458807,0.429974,0.402289,0.257905,0.156669,0.020999,3.796370,3.029949,1.352121,1.184190,0.691671,0.615888,0.521851,0.606313,0.564322,0.509192,0.457145,0.378496,0.368469,gun_shot
2.035106,-2.508421,0.712269,-1.129475,0.459777,-0.155981,0.453795,0.364481,0.735058,0.421155,0.386219,0.251164,0.077104,3.542580,2.994581,1.189600,1.562894,0.684869,0.881763,0.647279,0.681214,0.783019,0.669642,0.494992,0.461163,0.354761,gun_shot
1.288545,-0.886654,0.939057,-0.956696,0.691230,-0.152235,0.763798,0.383020,0.893210,0.392781,0.518122,0.220315,0.167636,3.079217,2.771251,1.344349,1.443661,0.726815,0.957302,0.758083,0.634547,0.814354,0.591547,0.505670,0.390452,0.305939,gun_shot
2.332940,2.102020,0.709032,0.351575,0.738051,0.847369,0.871287,1.013778,0.919189,0.829529,0.515939,0.433016,0.303284,3.086660,3.685753,1.217410,1.185814,0.643708,0.965349,0.693094,0.881435,0.704126,0.688665,0.390937,0.355528,0.279568,gun_shot
3.415544,-1.219870,-0.081502,-0.638586,0.318354,0.331486,0.468379,0.762287,0.675650,0.634424,0.647086,0.603818,0.287695,4.044511,3.493311,1.061517,1.562122,0.603455,0.910621,0.534385,0.828804,0.635864,0.646758,0.495724,0.510387,0.350313,gun_shot
-0.290235,-2.705918,1.367473,0.880021,0.928550,1.417208,0.947117,0.555541,0.515506,0.633598,0.418690,0.330006,0.302005,1.394272,3.519111,1.427955,0.908525,0.850443,1.239299,0.803302,0.554309,0.503383,0.481884,0.398169,0.371274,0.407541,gun_shot
-1.346984,-3.927013,1.775790,0.816295,0.790169,1.135393,0.562092,0.456062,0.816916,0.472228,0.352745,0.342382,0.286108,2.602352,4.910535,1.680639,0.987621,0.816989,1.018472,0.678144,0.438278,0.690942,0.491615,0.424195,0.396566,0.331894,gun_shot
-0.821967,-3.057113,2.014285,0.517137,1.239153,1.442171,1.036130,0.644881,0.947536,0.824824,0.824154,0.534071,0.496518,2.343420,4.171061,1.694891,0.737573,0.926917,1.127150,0.719085,0.388278,0.636577,0.556402,0.564994,0.399052,0.410895,gun_shot
-1.642498,-2.829968,1.717891,0.138968,0.823731,1.240959,0.905308,0.423876,1.000176,0.890933,0.651251,0.502496,0.396976,2.643451,3.950775,1.576101,0.702676,0.701116,1.034338,0.844931,0.397254,0.799539,0.648937,0.527901,0.386975,0.270650,gun_shot
-2.064572,-2.887820,1.355356,0.093955,0.539990,1.091079,0.745252,0.400768,0.995882,0.745181,0.545408,0.399917,0.308530,2.982258,3.781672,1.538313,0.707773,0.569467,1.011491,0.725296,0.440545,0.900315,0.572771,0.611250,0.350080,0.344862,gun_shot
-1.918545,-2.730274,1.377649,0.023854,0.544013,1.189633,0.971955,0.434598,0.892722,0.804858,0.541930,0.438619,0.167411,2.955626,3.666898,1.662791,0.876885,0.589329,1.382920,1.142883,0.416030,1.004673,0.826165,0.620667,0.502677,0.299099,gun_shot
-2.297406,-2.332861,1.660225,0.188786,0.606745,1.237163,0.953136,0.432869,0.947321,0.766453,0.513974,0.522140,0.368935,3.316026,3.348721,1.732730,0.861347,0.533933,1.052662,0.790935,0.336986,0.871225,0.544612,0.583368,0.335941,0.253542,gun_shot
-2.374297,-2.403655,1.500064,0.320527,0.785513,1.072193,0.840659,0.242232,1.051820,0.873012,0.490890,0.516651,0.309343,3.162301,3.399482,1.583521,0.852024,0.676176,1.062050,0.718470,0.369607,1.009008,0.724562,0.443356,0.548065,0.324669,gun_shot
-1.668929,-2.979357,1.834171,0.125041,0.734227,1.335743,1.049397,0.466275,1.102146,1.006399,0.719392,0.589664,0.367045,2.791428,3.804848,1.656367,0.659240,0.545210,1.141619,0.882945,0.422387,0.939990,0.792826,0.584212,0.447794,0.259089,gun_shot
2.915867,-2.774435,0.453122,-0.073951,-0.777940,0.820411,0.510533,0.684910,0.805759,0.596038,0.194817,0.258332,0.244978,3.403051,3.565920,1.104900,1.090112,1.255082,0.856237,0.610463,0.668570,0.762892,0.530834,0.404233,0.350375,0.424391,gun_shot
2.806289,-3.070845,0.799971,-0.371577,-0.693400,0.691909,0.547662,0.596379,0.722545,0.616070,0.231603,0.177049,0.097260,3.399380,3.691317,1.151913,1.136452,1.084385,0.921216,0.696978,0.675034,0.754346,0.658357,0.425402,0.323488,0.398630,gun_shot
2.770547,-1.607069,0.685324,0.105685,-0.864311,0.441070,0.395745,0.374693,0.256165,0.156501,-0.121485,0.114872,0.103391,3.349430,2.631385,1.564107,1.199648,1.153842,0.608042,0.497900,0.495187,0.419154,0.386479,0.430227,0.313653,0.350022,gun_shot
2.929308,-1.346703,0.333464,0.299911,-0.868286,0.459082,0.478251,0.341243,0.209691,0.202485,-0.091623,0.112153,0.103218,3.195398,2.504573,1.586626,1.134762,1.237328,0.634764,0.565223,0.495439,0.357678,0.413993,0.413347,0.311352,0.353685,gun_shot
4.253108,-1.825685,0.747770,0.425720,-0.201080,0.753556,0.128369,0.138645,0.171237,0.073511,-0.265843,-0.224193,-0.232325,4.845393,2.208983,1.586448,1.108819,0.661933,1.116870,0.535267,0.573434,0.570066,0.489722,0.384776,0.372372,0.336531,gun_shot
2.556693,-3.574226,2.424666,0.425207,0.757523,0.920504,0.685747,0.245527,0.437228,0.338860,0.044671,-0.044469,-0.181418,3.585883,3.780675,2.804116,0.940799,1.099646,1.446391,0.989867,0.758443,0.734685,0.736924,0.430097,0.440302,0.412137,gun_shot
6.028399,0.645559,0.052666,-1.457471,0.138443,-0.811367,0.225465,-0.417243,0.169876,-0.350876,-0.319823,-0.706349,-0.961223,8.164972,2.616425,2.272940,1.102829,1.466857,0.758961,1.334830,0.760383,1.257701,0.731399,0.752325,0.470269,0.408303,gun_shot
2.312986,-2.503010,1.099918,-0.557917,-0.094455,0.678311,0.806386,0.684624,1.284707,0.659558,0.517173,0.245916,0.182570,2.852186,2.965917,1.193592,1.028918,0.556501,0.842710,0.806396,0.837824,1.271793,0.702714,0.568356,0.427531,0.350911,gun_shot
2.248923,-1.324174,1.862607,-0.186426,0.302965,0.869372,0.717197,0.300374,0.860313,0.337973,0.391603,0.380835,0.236446,2.581496,2.063991,1.771858,0.710840,0.541883,0.969606,0.696403,0.691330,0.900555,0.500183,0.568501,0.464907,0.420924,gun_shot
0.807062,1.265334,0.129528,-0.361977,-0.439359,-0.302195,0.077696,0.289113,-0.302475,-0.318802,-0.489722,-0.250763,-0.049537,1.547491,2.791004,1.102653,0.625667,0.696880,0.581844,0.439419,0.534956,0.462399,0.512599,0.603140,0.397641,0.337802,gun_shot
8.621570,0.045874,-4.616603,-1.319931,0.638188,0.614987,-0.701345,-0.532478,0.302327,0.729406,0.483158,0.292905,0.422488,8.909752,3.097853,5.571597,1.994509,1.193275,0.992557,1.397474,1.233928,0.790756,0.768156,0.674508,0.715676,0.628646,gun_shot
